brand,category,facebook,x,instagram,youtube
Adidas,Abbigliamento Sportivo,43000000.0,4120476.0,29400000.0,2190000.0
Nike,Abbigliamento Sportivo,39000000.0,9598061.0,298000000.0,2210000.0
Puma,Abbigliamento Sportivo,22000000.0,1857326.0,13000000.0,904000.0
Macron,Abbigliamento Sportivo,195000.0,47036.0,184000.0,2470.0
Joma,Abbigliamento Sportivo,531000.0,44770.0,231000.0,8300.0
New Balance,Abbigliamento Sportivo,9500000.0,311388.0,8700000.0,194000.0
Mizuno,Abbigliamento Sportivo,2200000.0,294438.0,119000.0,9570.0
u-power,Abbigliamento Sportivo,31300.0,1359000.0,39600.0,2710.0
Legea,Abbigliamento Sportivo,35200.0,1309000.0,24000.0,95000.0
Givova,Abbigliamento Sportivo,49900.0,2138000.0,49600.0,498000.0
Lacoste,Abbigliamento Sportivo,16000000.0,1110923.0,8600000.0,105000.0
The North Face,Abbigliamento Sportivo,7000000.0,659841.0,5500000.0,557000.0
Lotto,Abbigliamento Sportivo,1100000.0,11521.0,399000.0,2020.0
reebok,Abbigliamento Sportivo,10000000.0,644395.0,4300000.0,168000.0
Asics,Abbigliamento Sportivo,4800000.0,133440.0,1400000.0,47400.0
Kappa,Abbigliamento Sportivo,1100000.0,3723000.0,933000.0,4630.0
Diadora,Abbigliamento Sportivo,68200.0,,464000.0,14700.0
Champion,Abbigliamento Sportivo,1800000.0,46480.0,4500000.0,4860.0
Under Armour,Abbigliamento Sportivo,11000000.0,913086.0,8200000.0,304000.0
Salomon,Abbigliamento Sportivo,1500000.0,76090.0,1400000.0,293000.0
Umbro,Abbigliamento Sportivo,758200.0,165670.0,863000.0,16500.0
EA7,Abbigliamento Sportivo,8600000.0,3147936.0,19600000.0,257000.0
Ralph Lauren,Abbigliamento Sportivo,9400000.0,2217334.0,16700000.0,292000.0
Columbia,Abbigliamento Sportivo,2600000.0,122912.0,690000.0,156000.0
Lululemon,Abbigliamento Sportivo,3400000.0,864298.0,5400000.0,306000.0
Converse,Abbigliamento Sportivo,46000000.0,935286.0,10500000.0,157000.0
Ellesse,Abbigliamento Sportivo,,15119.0,389000.0,4050.0
Gucci,Moda,21000000.0,6861393.0,51500000.0,1460000.0
Armani,Moda,810422.0,3147936.0,5500000.0,257000.0
Hugo Boss,Moda,8600000.0,648440.0,12300000.0,263000.0
Dior,Moda,20000000.0,8850675.0,46800000.0,4130000.0
louis Vuitton,Moda,25000000.0,9537021.0,55900000.0,5440000.0
Moncler,Moda,3000000.0,1009196.0,5900000.0,54600.0
prada,Moda,8100000.0,1989266.0,34000000.0,395000.0
versace,Moda,7500000.0,4924770.0,29400000.0,671000.0
dolce e gabbana,Moda,12000000.0,4805873.0,30500000.0,647000.0
Chanel,Moda,24000000.0,11470973.0,59800000.0,2820000.0
Hermes,Moda,4000000.0,160275.0,15400000.0,420000.0
Givenchy,Moda,2700000.0,1094921.0,16000000.0,116000.0
Saint Laurent,Moda,3700000.0,3834716.0,13500000.0,410000.0
Valentino,Moda,3400000.0,2305472.0,18900000.0,177000.0
Fendi,Moda,3700000.0,1113343.0,21100000.0,258000.0
Burberry,Moda,17000000.0,7286918.0,20200000.0,430000.0
Dolce e Gabbana,Moda,12000000.0,4805969.0,30500000.0,647000.0
Moschino,Moda,1500000.0,498611.0,11600000.0,81200.0
Salvatore Ferragamo,Moda,2000000.0,479994.0,7500000.0,47000.0
Coca-Cola,Bevande,108000000.0,2743443.0,3200000.0,4760000.0
Red Bull,Bevande,60000000.0,1847316.0,31400000.0,27000000.0
pepsi,Bevande,36000000.0,2455757.0,2100000.0,975000.0
Monster Energy,Bevande,25000000.0,2696180.0,10100000.0,3540000.0
Lavazza,Bevande,1000000.0,722000.0,157000.0,44000.0
Gatorade,Bevande,6200000.0,313656.0,1300000.0,222000.0
Powerade,Bevande,4700000.0,111341.0,183000.0,101000.0
San Benedetto,Bevande,106062.0,,17100.0,4230.0
Estathé,Bevande,1300000.0,31502.0,97700.0,4150.0
Acqua Lete,Bevande,133405.0,5231.0,24300.0,7040.0
Lipton,Bevande,7200000.0,57338.0,122000.0,1080.0
Schweppes,Bevande,452229.0,5864.0,44100.0,
San Pellegrino,Bevande,922620.0,,187000.0,12300.0
Acqua Panna,Bevande,45788.0,,36400.0,799000.0
Levissima,Bevande,266949.0,,25500.0,
Ferrarelle,Bevande,206973.0,3117.0,12800.0,2410.0
Evian,Bevande,1500000.0,37567.0,176000.0,220000.0
Fiji,Bevande,726276.0,47913.0,153000.0,5710.0
Illy,Bevande,692439.0,,247000.0,20900.0
Kimbo,Bevande,124505.0,1300.0,27500.0,1080.0
Segafredo,Bevande,76838.0,2359.0,28300.0,2570.0
Twinings,Bevande,26769.0,39441.0,83100.0,11100.0
Yoga,Bevande,12207.0,,7360.0,523000.0
Peroni,Birra,223436.0,2829.0,59900.0,17600.0
Heineken,Birra,23000000.0,164277.0,853000.0,698000.0
Budweiser,Birra,14000000.0,33683.0,735000.0,223000.0
Carlsberg,Birra,3200000.0,29895.0,85200.0,974000.0
corona,Birra,14000000.0,46076.0,908000.0,13200.0
guinness,Birra,6000000.0,68435.0,448000.0,64900.0
Moretti,Birra,1000000.0,5222.0,20000.0,3750.0
Ichnusa,Birra,664199.0,3175.0,74500.0,1520.0
Menabrea,Birra,35272.0,282000.0,15800.0,89000.0
Forst,Birra,92521.0,,,531000.0
Messina,Birra,18197.0,92000.0,21000.0,
Angelo Poretti,Birra,97631.0,,,1160.0
Beck's,Birra,449830.0,7745.0,24800.0,
Stella Artois,Birra,8100000.0,75504.0,267000.0,63200.0
Barilla,Alimentari,2700000.0,18679.0,203000.0,67500.0
Ferrero,Alimentari,164620.0,2418.0,67400.0,1740.0
McDonald's,Alimentari,82000000.0,4573456.0,5500000.0,793000.0
KFC,Alimentari,60000000.0,1587195.0,1900000.0,506000.0
Subway,Alimentari,21000000.0,2034602.0,1400000.0,124000.0
BMW,Auto,20000000.0,2669046.0,43400000.0,1920000.0
Jeep,Auto,6300000.0,1101083.0,8400000.0,267000.0
BYD,Auto,356612.0,87910.0,247000.0,28900.0
Audi,Auto,1300000.0,611009.0,5800000.0,335000.0
Mercedes,Auto,23000000.0,3919979.0,39300000.0,2070000.0
VW,Auto,33000000.0,720127.0,11000000.0,332000.0
Toyota,Auto,21000000.0,236357.0,10000000.0,74900.0
honda,Auto,5600000.0,1160996.0,6100000.0,664000.0
Hyundai,Auto,,360786.0,1500000.0,903000.0
Kia,Auto,,250786.0,724000.0,272000.0
nissan,Auto,22000000.0,751165.0,7400000.0,266000.0
renault,Auto,18000000.0,131698.0,180000.0,87400.0
BNL BNP Paribas,Banche,238145.0,1917.0,2674.0,10500.0
Reale Mutua,Banche,64656.0,16361.0,34700.0,3830.0
Unicredit,Banche,552374.0,39350.0,30800.0,19900.0
Intesa San Paolo,Banche,518419.0,18281.0,76000.0,186000.0
Mediolanum,Banche,181410.0,9680.0,47800.0,39300.0
Banca popolare di Milano,Banche,11855.0,2109.0,5667.0,1350.0
bper banca,Banche,250481.0,4956.0,26400.0,9530.0
hsbc,Banche,3000000.0,193849.0,76300.0,61300.0
Barclays,Banche,625108.0,298042.0,76200.0,30800.0
santander,Banche,7974.0,99229.0,29300.0,20500.0
credit suisse,Banche,160715.0,363877.0,20900.0,
ubs,Banche,253638.0,503493.0,171000.0,39200.0
crypto.com,Criptovalute,694058.0,506351.0,1200000.0,105000.0
binance,Criptovalute,2400000.0,15404953.0,4800000.0,1220000.0
socios.com,Criptovalute,272882.0,292516.0,340000.0,9820.0
okx,Criptovalute,204041.0,5697995.0,663000.0,254000.0
bitget,Criptovalute,1200000.0,4479232.0,72200.0,1150000.0
bybit,Criptovalute,4400000.0,4939038.0,436000.0,81300.0
coinbase,Criptovalute,414245.0,6724199.0,553000.0,122000.0
snaitech,Scommesse,,,1992.0,2160.0
sisal,Scommesse,,,66300.0,16100.0
betsson,Scommesse,280000.0,864000.0,,46200.0
betway,Scommesse,252041.0,140409.0,,30000.0
bet365,Scommesse,,482720.0,,8050.0
bwin,Scommesse,,57430.0,,83000.0
lottomatica,Scommesse,,,9421000.0,1000.0
enel,Energia,1000000.0,26271.0,75300.0,23900.0
eni,Energia,321588.0,65400.0,59600.0,25400.0
Edison,Energia,75060.0,9148.0,14600.0,7510.0
a2a,Energia,37235.0,6620.0,22500.0,6890.0
hera,Energia,6439.0,7110.0,13300.0,11300.0
Emirates,Aviazione,12000000.0,1695409.0,8600000.0,1890000.0
qatar,Aviazione,30000000.0,1895672.0,8000000.0,6360000.0
etihad,Aviazione,5000000.0,814281.0,2600000.0,343000.0
aeroitalia,Aviazione,29399.0,400000.0,19200.0,
ita airways,Aviazione,93321.0,14971.0,139000.0,9740.0
turkish Airlines,Aviazione,10000000.0,1758943.0,2800000.0,602000.0
Singapore Airlines,Aviazione,4300000.0,747268.0,1700000.0,129000.0
dhl,Logistica,1700000.0,101140.0,271000.0,126000.0
fedex,Logistica,3100000.0,321302.0,365000.0,127000.0
ups,Logistica,2000000.0,279764.0,253000.0,59600.0
poste italiane,Logistica,682422.0,83840.0,106000.0,56800.0
gls,Logistica,,,,
brt,Logistica,,1191.0,,2180.0
Samsung,Tecnologia,162000000.0,750410.0,2600000.0,7710000.0
apple,Tecnologia,15000000.0,9939381.0,35600000.0,20600000.0
Microsoft,Tecnologia,13000000.0,13083999.0,4500000.0,2180000.0
google,Tecnologia,34000000.0,31573943.0,15700000.0,13900000.0
intel,Tecnologia,35000000.0,4469933.0,1800000.0,567000.0
Logitech,Tecnologia,3500000.0,335527.0,839000.0,152000.0
razer,Tecnologia,10000000.0,3080422.0,7400000.0,2000000.0
twitch,Tecnologia,1700000.0,9593615.0,6100000.0,
konami,Tecnologia,2600000.0,1406871.0,731000.0,201000.0
huawei,Tecnologia,58000000.0,10220067.0,2000000.0,2160000.0
xiamoi,Tecnologia,16000000.0,4345973.0,295000.0,6280000.0
asus,Tecnologia,26000000.0,988592.0,3400000.0,1320000.0
sony,Tecnologia,8500000.0,6139391.0,3200000.0,726000.0
lg,Tecnologia,45000000.0,350910.0,57700.0,471000.0
lenovo,Tecnologia,6600000.0,713664.0,1300000.0,390000.0
hp,Tecnologia,4600000.0,1097129.0,1700000.0,280000.0
nikon,Tecnologia,14000000.0,,205000.0,252000.0
canon,Tecnologia,4400000.0,42225.0,129000.0,154000.0
pirelli,Pneumatici,2200000.0,131829.0,431000.0,35000.0
Goodyear,Pneumatici,3200000.0,38858.0,274000.0,14600.0
Bridgestone,Pneumatici,496048.0,120154.0,139000.0,18000.0
michelin,Pneumatici,5800000.0,79978.0,405000.0,90100.0
hankook,Pneumatici,711658.0,,227000.0,233000.0
rolex,Orologeria,8100000.0,896443.0,17500000.0,2530000.0
richard mille,Orologeria,359591.0,80543.0,2700000.0,2270000.0
omega,Orologeria,2100000.0,303587.0,4600000.0,422000.0
tag heuer,Orologeria,3500000.0,435061.0,3400000.0,72300.0
hublot,Orologeria,5000000.0,651070.0,6000000.0,49300.0
tissot,Orologeria,1600000.0,112116.0,2000000.0,61400.0
tim,Compagnie Telefoniche ,2300000.0,402475.0,159000.0,93200.0
Vodafone,Compagnie Telefoniche ,3500000.0,43565.0,37600.0,62000.0
iliad,Compagnie Telefoniche ,344757.0,28818.0,138000.0,19200.0
wind 3,Compagnie Telefoniche ,2000000.0,13237.0,76400.0,61700.0
fastweb,Compagnie Telefoniche ,430166.0,27904.0,29400.0,24900.0
shell,Carburanti,9900000.0,557426.0,487000.0,1580000.0
agip,Carburanti,,,,
tamoil,Carburanti,,,,
esso,Carburanti,,,,
eni,Carburanti,321598.0,65400.0,59700.0,25400.0
repsol,Carburanti,226143.0,55460.0,120000.0,28700.0
total,Carburanti,10000000.0,,,
petronas,Carburanti,1100000.0,36995.0,261000.0,349000.0
aramco,Carburanti,14000000.0,1393910.0,758000.0,163000.0
Allianz,Assicurazioni,3900000.0,53011.0,152000.0,29800.0
generali,Assicurazioni,287247.0,11669.0,27000.0,35000.0
axa,Assicurazioni,3100000.0,82569.0,73600.0,11500.0
unipolsai,Assicurazioni,161224.0,27597.0,8271.0,14900.0
Decathlon,E-Commerceretail,1900000.0,166740.0,315000.0,52300.0
jd sports,E-Commerceretail,4000000.0,37450.0,2700000.0,632000.0
zalando,E-Commerceretail,8700000.0,25004.0,2800000.0,229000.0
amazon,E-Commerceretail,29000000.0,5920723.0,6100000.0,
Carrefour,E-Commerceretail,12000000.0,193752.0,71500.0,23300.0
esselunga,E-Commerceretail,871057.0,,280000.0,25000.0
coop,E-Commerceretail,381191.0,25776.0,95700.0,9120.0
lidl,E-Commerceretail,2600000.0,30115.0,1100000.0,130000.0
Visa,Altro,22000000.0,413252.0,233000.0,85600.0
Caterpillar,Altro,2000000.0,150635.0,1000000.0,92600.0
John deere,Altro,6000000.0,231505.0,1500000.0,389000.0
Bosch,Altro,1200000.0,241848.0,177000.0,34500.0
Siemens,Altro,1600000.0,210226.0,316000.0,26100.0
3m,Altro,4600000.0,,,37700.0
Alibaba,Altro,26000000.0,262636.0,13800000.0,
