brand,category,facebook,x,instagram,youtube,facebook_norm,x_norm,instagram_norm,youtube_norm,brand_power_index
Nike,Abbigliamento Sportivo,39000000.0,9598061.0,298000000.0,2210000.0,0.24074074074074073,0.30398677162367715,1.0,0.08185185185185186,0.46830171944725524
Red Bull,Bevande,60000000.0,1847316.0,31400000.0,27000000.0,0.37037037037037035,0.05850761179875443,0.10536912751677853,1.0,0.4197294104747597
google,Tecnologia,34000000.0,31573943.0,15700000.0,13900000.0,0.20987654320987653,1.0,0.052684563758389265,0.5148148148148148,0.364859350401856
apple,Tecnologia,15000000.0,9939381.0,35600000.0,20600000.0,0.09259259259259259,0.31479695139754954,0.11946308724832215,0.762962962962963,0.3364390306539526
Samsung,Tecnologia,162000000.0,750410.0,2600000.0,7710000.0,1.0,0.02376674968976792,0.0087248322147651,0.28555555555555556,0.29228537039529967
Coca-Cola,Bevande,108000000.0,2743443.0,3200000.0,4760000.0,0.6666666666666666,0.08688946451825798,0.010738255033557046,0.17629629629629628,0.20301403116170585
louis Vuitton,Moda,25000000.0,9537021.0,55900000.0,5440000.0,0.15432098765432098,0.302053531926627,0.18758389261744968,0.20148148148148148,0.20227103418041006
Chanel,Moda,24000000.0,11470973.0,59800000.0,2820000.0,0.14814814814814814,0.36330505189041484,0.20067114093959731,0.10444444444444445,0.18569362007538426
Dior,Moda,20000000.0,8850675.0,46800000.0,4130000.0,0.12345679012345678,0.28031579711156124,0.15704697986577182,0.15296296296296297,0.16759405943333458
huawei,Tecnologia,58000000.0,10220067.0,2000000.0,2160000.0,0.35802469135802467,0.32368675017877874,0.006711409395973154,0.08,0.14650694408701237
McDonald's,Alimentari,82000000.0,4573456.0,5500000.0,793000.0,0.5061728395061729,0.14484906113880044,0.018456375838926176,0.02937037037037037,0.1382327697267899
Gucci,Moda,21000000.0,6861393.0,51500000.0,1460000.0,0.12962962962962962,0.21731188277625002,0.17281879194630873,0.05407407407407407,0.13523150774579368
Adidas,Abbigliamento Sportivo,43000000.0,4120476.0,29400000.0,2190000.0,0.2654320987654321,0.13050242093614978,0.09865771812080537,0.0811111111111111,0.1315253175691241
qatar,Aviazione,30000000.0,1895672.0,8000000.0,6360000.0,0.18518518518518517,0.0600391278339864,0.026845637583892617,0.23555555555555555,0.12610554603316407
Mercedes,Auto,23000000.0,3919979.0,39300000.0,2070000.0,0.1419753086419753,0.1241523429620431,0.13187919463087247,0.07666666666666666,0.11617563129350689
xiamoi,Tecnologia,16000000.0,4345973.0,295000.0,6280000.0,0.09876543209876543,0.13764429105354373,0.0009899328859060404,0.2325925925925926,0.11052398436562953
BMW,Auto,20000000.0,2669046.0,43400000.0,1920000.0,0.12345679012345678,0.08453318611489227,0.14563758389261744,0.07111111111111111,0.10967782363767463
Microsoft,Tecnologia,13000000.0,13083999.0,4500000.0,2180000.0,0.08024691358024691,0.4143923044391383,0.015100671140939598,0.08074074074074074,0.10771568550347121
binance,Criptovalute,2400000.0,15404953.0,4800000.0,1220000.0,0.014814814814814815,0.4879008301243845,0.016107382550335572,0.04518518518518518,0.09534122692979365
Monster Energy,Bevande,25000000.0,2696180.0,10100000.0,3540000.0,0.15432098765432098,0.08539256563553053,0.03389261744966443,0.13111111111111112,0.09486883181690967
KFC,Alimentari,60000000.0,1587195.0,1900000.0,506000.0,0.37037037037037035,0.05026914123459335,0.0063758389261744965,0.018740740740740742,0.08946821110564637
Burberry,Moda,17000000.0,7286918.0,20200000.0,430000.0,0.10493827160493827,0.23078897684714259,0.06778523489932886,0.015925925925925927,0.08410861084060192
Dolce e Gabbana,Moda,12000000.0,4805969.0,30500000.0,647000.0,0.07407407407407407,0.15221313980328652,0.10234899328859061,0.023962962962962964,0.08065782232520338
dolce e gabbana,Moda,12000000.0,4805873.0,30500000.0,647000.0,0.07407407407407407,0.1522100993214563,0.10234899328859061,0.023962962962962964,0.08065736625292885
Converse,Abbigliamento Sportivo,46000000.0,935286.0,10500000.0,157000.0,0.2839506172839506,0.02962208426106299,0.03523489932885906,0.005814814814814815,0.07531009530549469
versace,Moda,7500000.0,4924770.0,29400000.0,671000.0,0.046296296296296294,0.15597576773987334,0.09865771812080537,0.02485185185185185,0.07464138131807768
intel,Tecnologia,35000000.0,4469933.0,1800000.0,567000.0,0.21604938271604937,0.14157031321681932,0.006040268456375839,0.021,0.0728595174854643
amazon,E-Commerceretail,29000000.0,5920723.0,6100000.0,0.0,0.17901234567901234,0.18751927815920869,0.02046979865771812,0.0,0.07109479038988512
pepsi,Bevande,36000000.0,2455757.0,2100000.0,975000.0,0.2222222222222222,0.07777796393690836,0.007046979865771812,0.03611111111111111,0.06941091532133417
prada,Moda,8100000.0,1989266.0,34000000.0,395000.0,0.05,0.06300340758833954,0.11409395973154363,0.01462962962962963,0.06377228593318009
rolex,Orologeria,8100000.0,896443.0,17500000.0,2530000.0,0.05,0.028391860972194698,0.0587248322147651,0.0937037037037037,0.0629235815321081
lg,Tecnologia,45000000.0,350910.0,57700.0,471000.0,0.2777777777777778,0.011113911240037393,0.00019362416107382552,0.017444444444444443,0.06252374403127034
Puma,Abbigliamento Sportivo,22000000.0,1857326.0,13000000.0,904000.0,0.13580246913580246,0.05882464537292666,0.0436241610738255,0.03348148148148148,0.061297091453382864
VW,Auto,33000000.0,720127.0,11000000.0,332000.0,0.2037037037037037,0.022807636030761188,0.03691275167785235,0.012296296296296296,0.06077023812149213
razer,Tecnologia,10000000.0,3080422.0,7400000.0,2000000.0,0.06172839506172839,0.09756215750436999,0.024832214765100672,0.07407407407407407,0.05789350002800863
asus,Tecnologia,26000000.0,988592.0,3400000.0,1320000.0,0.16049382716049382,0.031310375140665835,0.011409395973154362,0.04888888888888889,0.05545527696046934
twitch,Tecnologia,1700000.0,9593615.0,6100000.0,0.0,0.010493827160493827,0.30384595930891495,0.02046979865771812,0.0,0.05484008885863735
Emirates,Aviazione,12000000.0,1695409.0,8600000.0,1890000.0,0.07407407407407407,0.05369646103434088,0.028859060402684565,0.07,0.05396995511090555
sony,Tecnologia,8500000.0,6139391.0,3200000.0,726000.0,0.05246913580246913,0.19444486233474229,0.010738255033557046,0.02688888888888889,0.051485612439116805
EA7,Abbigliamento Sportivo,8600000.0,3147936.0,19600000.0,257000.0,0.05308641975308642,0.09970043969484584,0.06577181208053691,0.009518518518518518,0.05144803968858763
Alibaba,Altro,26000000.0,262636.0,13800000.0,0.0,0.16049382716049382,0.008318124853775786,0.046308724832214765,0.0,0.0495545378514403
Ralph Lauren,Abbigliamento Sportivo,9400000.0,2217334.0,16700000.0,292000.0,0.05802469135802469,0.07022670560974915,0.05604026845637584,0.010814814814814815,0.0449974825172433
Saint Laurent,Moda,3700000.0,3834716.0,13500000.0,410000.0,0.022839506172839506,0.12145192002151901,0.04530201342281879,0.015185185185185185,0.043196949491337885
nissan,Auto,22000000.0,751165.0,7400000.0,266000.0,0.13580246913580246,0.023790661812495197,0.024832214765100672,0.009851851851851851,0.042375923822375566
Toyota,Auto,21000000.0,236357.0,10000000.0,74900.0,0.12962962962962962,0.007485824624437943,0.03355704697986577,0.002774074074074074,0.03962598828476686
Valentino,Moda,3400000.0,2305472.0,18900000.0,177000.0,0.020987654320987655,0.07301818464675128,0.0634228187919463,0.006555555555555556,0.03931491180505809
Subway,Alimentari,21000000.0,2034602.0,1400000.0,124000.0,0.12962962962962962,0.0644392751326624,0.004697986577181208,0.0045925925925925926,0.038613890275616486
Heineken,Birra,23000000.0,164277.0,853000.0,698000.0,0.1419753086419753,0.005202929516912094,0.0028624161073825503,0.02585185185185185,0.037932902349071325
Fendi,Moda,3700000.0,1113343.0,21100000.0,258000.0,0.022839506172839506,0.03526144960735503,0.07080536912751678,0.009555555555555555,0.03750566453696869
Lacoste,Abbigliamento Sportivo,16000000.0,1110923.0,8600000.0,105000.0,0.09876543209876543,0.03518480412788482,0.028859060402684565,0.0038888888888888888,0.03629814484654208
bitget,Criptovalute,1200000.0,4479232.0,72200.0,1150000.0,0.007407407407407408,0.14186482822243646,0.00024228187919463087,0.04259259259259259,0.03562378215034285
coinbase,Criptovalute,414245.0,6724199.0,553000.0,122000.0,0.002557067901234568,0.2129667175240039,0.001855704697986577,0.004518518518518519,0.03446147340869836
shell,Carburanti,9900000.0,557426.0,487000.0,1580000.0,0.06111111111111111,0.017654621090561925,0.0016342281879194631,0.05851851851851852,0.03299795080713388
Hugo Boss,Moda,8600000.0,648440.0,12300000.0,263000.0,0.05308641975308642,0.020537187895727817,0.0412751677852349,0.00974074074074074,0.031066393082030894
Under Armour,Abbigliamento Sportivo,11000000.0,913086.0,8200000.0,304000.0,0.06790123456790123,0.028918972837823898,0.027516778523489934,0.011259259259259259,0.030926743100253083
okx,Criptovalute,204041.0,5697995.0,663000.0,254000.0,0.0012595123456790123,0.18046510693960524,0.0022248322147651006,0.009407407407407408,0.030922582007466594
turkish Airlines,Aviazione,10000000.0,1758943.0,2800000.0,602000.0,0.06172839506172839,0.05570868991560541,0.009395973154362415,0.022296296296296297,0.03067946199260222
Visa,Altro,22000000.0,413252.0,233000.0,85600.0,0.13580246913580246,0.013088387471909987,0.0007818791946308725,0.0031703703703703703,0.03034852077717891
bybit,Criptovalute,4400000.0,4939038.0,436000.0,81300.0,0.027160493827160494,0.15642765935189026,0.0014630872483221476,0.003011111111111111,0.030311661538461723
richard mille,Orologeria,359591.0,80543.0,2700000.0,2270000.0,0.0022196975308641977,0.002550932583871454,0.009060402684563758,0.08407407407407408,0.029219942555573093
Givenchy,Moda,2700000.0,1094921.0,16000000.0,116000.0,0.016666666666666666,0.034677993812809504,0.053691275167785234,0.004296296296296296,0.028615867602868477
Hermes,Moda,4000000.0,160275.0,15400000.0,420000.0,0.024691358024691357,0.005076179430614668,0.05167785234899329,0.015555555555555555,0.028453613508344786
honda,Auto,5600000.0,1160996.0,6100000.0,664000.0,0.0345679012345679,0.036770700447517755,0.02046979865771812,0.024592592592592593,0.026971392622020363
aramco,Carburanti,14000000.0,1393910.0,758000.0,163000.0,0.08641975308641975,0.04414747945798217,0.0025436241610738257,0.006037037037037037,0.026607452103468224
Jeep,Auto,6300000.0,1101083.0,8400000.0,267000.0,0.03888888888888889,0.03487315474028695,0.028187919463087248,0.009888888888888888,0.025841189467568023
New Balance,Abbigliamento Sportivo,9500000.0,311388.0,8700000.0,194000.0,0.05864197530864197,0.00986218287655742,0.02919463087248322,0.007185185185185185,0.02558139885413669
Armani,Moda,810422.0,3147936.0,5500000.0,257000.0,0.005002604938271605,0.09970043969484584,0.018456375838926176,0.009518518518518518,0.02527087404106091
The North Face,Abbigliamento Sportivo,7000000.0,659841.0,5500000.0,557000.0,0.043209876543209874,0.02089827678475254,0.018456375838926176,0.02062962962962963,0.024425337258867905
renault,Auto,18000000.0,131698.0,180000.0,87400.0,0.1111111111111111,0.00417109766746586,0.0006040268456375838,0.003237037037037037,0.024030407379426365
reebok,Abbigliamento Sportivo,10000000.0,644395.0,4300000.0,168000.0,0.06172839506172839,0.020409075926943937,0.014429530201342283,0.006222222222222222,0.022324042638523733
Budweiser,Birra,14000000.0,33683.0,735000.0,223000.0,0.08641975308641975,0.0010667973904938005,0.0024664429530201343,0.00825925925925926,0.020785003037192842
nikon,Tecnologia,14000000.0,0.0,205000.0,252000.0,0.08641975308641975,0.0,0.0006879194630872483,0.009333333333333334,0.020324722429364485
Kappa,Abbigliamento Sportivo,1100000.0,3723000.0,933000.0,4630.0,0.006790123456790123,0.1179136859783398,0.0031308724832214765,0.00017148148148148147,0.020192327401680955
Moschino,Moda,1500000.0,498611.0,11600000.0,81200.0,0.009259259259259259,0.015791850894264298,0.038926174496644296,0.0030074074074074074,0.01874701278203922
corona,Birra,14000000.0,46076.0,908000.0,13200.0,0.08641975308641975,0.0014593045917641646,0.003046979865771812,0.0004888888888888889,0.018715955925735373
Lululemon,Abbigliamento Sportivo,3400000.0,864298.0,5400000.0,306000.0,0.020987654320987655,0.027373774634355932,0.018120805369127517,0.011333333333333334,0.018045878938545548
lenovo,Tecnologia,6600000.0,713664.0,1300000.0,390000.0,0.040740740740740744,0.022602941925878563,0.00436241610738255,0.014444444444444444,0.017398768407947157
etihad,Aviazione,5000000.0,814281.0,2600000.0,343000.0,0.030864197530864196,0.025789651929123962,0.0087248322147651,0.012703703703703703,0.01690608968182033
hublot,Orologeria,5000000.0,651070.0,6000000.0,49300.0,0.030864197530864196,0.020620484429201637,0.020134228187919462,0.001825925925925926,0.016860669814102676
zalando,E-Commerceretail,8700000.0,25004.0,2800000.0,229000.0,0.053703703703703705,0.000791918830030193,0.009395973154362415,0.008481481481481482,0.01669256361371656
Carrefour,E-Commerceretail,12000000.0,193752.0,71500.0,23300.0,0.07407407407407407,0.006136452453847782,0.00023993288590604028,0.0008629629629629629,0.016078148081847984
Moncler,Moda,3000000.0,1009196.0,5900000.0,54600.0,0.018518518518518517,0.03196293855347747,0.019798657718120807,0.002022222222222222,0.01603434135473427
hp,Tecnologia,4600000.0,1097129.0,1700000.0,280000.0,0.028395061728395062,0.034747924894904636,0.005704697986577181,0.01037037037037037,0.01599895648632783
Givova,Abbigliamento Sportivo,49900.0,2138000.0,49600.0,498000.0,0.0003080246913580247,0.06771406409392706,0.00016644295302013423,0.018444444444444444,0.01581030291925104
jd sports,E-Commerceretail,4000000.0,37450.0,2700000.0,632000.0,0.024691358024691357,0.001186104630644326,0.009060402684563758,0.023407407407407408,0.015309550461354456
Audi,Auto,1300000.0,611009.0,5800000.0,335000.0,0.008024691358024692,0.01935168502711239,0.019463087248322148,0.012407407407407407,0.01504199378480677
Carlsberg,Birra,3200000.0,29895.0,85200.0,974000.0,0.019753086419753086,0.0009468250449429139,0.00028590604026845637,0.03607407407407407,0.015014930377008235
John deere,Altro,6000000.0,231505.0,1500000.0,389000.0,0.037037037037037035,0.007332153605268749,0.0050335570469798654,0.014407407407407407,0.014591197636862894
omega,Orologeria,2100000.0,303587.0,4600000.0,422000.0,0.012962962962962963,0.00961511205616606,0.015436241610738255,0.01562962962962963,0.014126432853664779
Salvatore Ferragamo,Moda,2000000.0,479994.0,7500000.0,47000.0,0.012345679012345678,0.015202219121001137,0.025167785234899327,0.0017407407407407408,0.014080415725056293
Hyundai,Auto,0.0,360786.0,1500000.0,903000.0,0.0,0.011426700808321597,0.0050335570469798654,0.03344444444444444,0.013509083421024526
Gatorade,Bevande,6200000.0,313656.0,1300000.0,222000.0,0.03827160493827161,0.009934014259796441,0.00436241610738255,0.008222222222222223,0.013137935430874348
konami,Tecnologia,2600000.0,1406871.0,731000.0,201000.0,0.016049382716049384,0.044557976176748025,0.002453020134228188,0.0074444444444444445,0.01298546335003528
total,Carburanti,10000000.0,0.0,0.0,0.0,0.06172839506172839,0.0,0.0,0.0,0.012345679012345678
Singapore Airlines,Aviazione,4300000.0,747268.0,1700000.0,129000.0,0.02654320987654321,0.023667237253199577,0.005704697986577181,0.0047777777777777775,0.012288705191923927
Stella Artois,Birra,8100000.0,75504.0,267000.0,63200.0,0.05,0.002391338959470472,0.0008959731543624161,0.002340740740740741,0.01137451367016964
tag heuer,Orologeria,3500000.0,435061.0,3400000.0,72300.0,0.021604938271604937,0.013779115266028066,0.011409395973154362,0.0026777777777777776,0.011184476868162556
lottomatica,Scommesse,0.0,0.0,9421000.0,1000.0,0.0,0.0,0.03161409395973155,3.7037037037037037e-05,0.011076043997017152
Lipton,Bevande,7200000.0,57338.0,122000.0,1080.0,0.044444444444444446,0.0018159911164722126,0.00040939597315436244,4e-05,0.009316576146963748
michelin,Pneumatici,5800000.0,79978.0,405000.0,90100.0,0.03580246913580247,0.0025330380814331615,0.0013590604026845637,0.0033370370370370372,0.009017231791426177
guinness,Birra,6000000.0,68435.0,448000.0,64900.0,0.037037037037037035,0.0021674518130345645,0.0015033557046979867,0.002403703703703704,0.008979810787117999
Acqua Panna,Bevande,45788.0,0.0,36400.0,799000.0,0.000282641975308642,0.0,0.0001221476510067114,0.029592592592592594,0.008977057850691856
Asics,Abbigliamento Sportivo,4800000.0,133440.0,1400000.0,47400.0,0.02962962962962963,0.004226269744010116,0.004697986577181208,0.0017555555555555556,0.008730828356207533
Logitech,Tecnologia,3500000.0,335527.0,839000.0,152000.0,0.021604938271604937,0.010626705698429873,0.002815436241610738,0.005629629629629629,0.008589285082538116
Champion,Abbigliamento Sportivo,1800000.0,46480.0,4500000.0,4860.0,0.011111111111111112,0.0014720999527996867,0.015100671140939598,0.00018,0.007782272114471035
Powerade,Bevande,4700000.0,111341.0,183000.0,101000.0,0.029012345679012345,0.0035263571610299038,0.0006140939597315436,0.0037407407407407407,0.007668577818085218
canon,Tecnologia,4400000.0,42225.0,129000.0,154000.0,0.027160493827160494,0.001337336930012194,0.00043288590604026846,0.005703703703703704,0.007495320483159134
Legea,Abbigliamento Sportivo,35200.0,1309000.0,24000.0,95000.0,0.00021728395061728395,0.0414582366225213,8.053691275167786e-05,0.0035185185185185185,0.007345935758520294
fedex,Logistica,3100000.0,321302.0,365000.0,127000.0,0.019135802469135803,0.010176175968899418,0.0012248322147651006,0.004703703703703704,0.00719338927544097
Salomon,Abbigliamento Sportivo,1500000.0,76090.0,1400000.0,293000.0,0.009259259259259259,0.0024098985673091256,0.004697986577181208,0.010851851851851852,0.007113187494517199
u-power,Abbigliamento Sportivo,31300.0,1359000.0,39600.0,2710.0,0.00019320987654320988,0.043041820909095835,0.00013288590604026846,0.00010037037037037038,0.006571536289898222
Columbia,Abbigliamento Sportivo,2600000.0,122912.0,690000.0,156000.0,0.016049382716049384,0.0038928302366289824,0.002315436241610738,0.0057777777777777775,0.006337537096601315
3m,Altro,4600000.0,0.0,0.0,37700.0,0.028395061728395062,0.0,0.0,0.0013962962962962963,0.006097901234567902
lidl,E-Commerceretail,2600000.0,30115.0,1100000.0,130000.0,0.016049382716049384,0.0009537928158038418,0.003691275167785235,0.004814814814814815,0.006089336218749729
Forst,Birra,92521.0,0.0,0.0,531000.0,0.0005711172839506173,0.0,0.0,0.019666666666666666,0.006014223456790123
tim,Compagnie Telefoniche ,2300000.0,402475.0,159000.0,93200.0,0.014197530864197531,0.012747061714781712,0.0005335570469798658,0.0034518518518518518,0.0059738659520552715
crypto.com,Criptovalute,694058.0,506351.0,1200000.0,105000.0,0.0042843086419753085,0.016036989741826036,0.004026845637583893,0.0038888888888888888,0.005838472829489997
Yoga,Bevande,12207.0,0.0,7360.0,523000.0,7.535185185185185e-05,0.0,2.4697986577181208e-05,0.01937037037037037,0.005834825776783495
petronas,Carburanti,1100000.0,36995.0,261000.0,349000.0,0.006790123456790123,0.0011716940136364976,0.0008758389261744967,0.012925925925925926,0.005718100195342351
Allianz,Assicurazioni,3900000.0,53011.0,152000.0,29800.0,0.024074074074074074,0.0016789477323120524,0.0005100671140939598,0.0011037037037037037,0.00557629157570562
tissot,Orologeria,1600000.0,112116.0,2000000.0,61400.0,0.009876543209876543,0.003550902717471809,0.006711409395973154,0.002274074074074074,0.005539159560408906
hsbc,Banche,3000000.0,193849.0,76300.0,61300.0,0.018518518518518517,0.006139524607363737,0.00025604026845637586,0.0022703703703703705,0.005395357599879107
Caterpillar,Altro,2000000.0,150635.0,1000000.0,92600.0,0.012345679012345678,0.004770864380163099,0.003355704697986577,0.0034296296296296297,0.005388150992677791
Lavazza,Bevande,1000000.0,722000.0,157000.0,44000.0,0.006172839506172839,0.02286695709813627,0.0005268456375838927,0.0016296296296296295,0.005337896327998259
Vodafone,Compagnie Telefoniche ,3500000.0,43565.0,37600.0,62000.0,0.021604938271604937,0.0013797769888923915,0.0001261744966442953,0.0022962962962962963,0.005261004165369238
Kia,Auto,0.0,250786.0,724000.0,272000.0,0.0,0.00794281537785762,0.002429530201342282,0.010074074074074074,0.005063980099370664
betsson,Scommesse,280000.0,864000.0,0.0,46200.0,0.0017283950617283952,0.027364336472007946,0.0,0.0017111111111111112,0.004963662816480204
ups,Logistica,2000000.0,279764.0,253000.0,59600.0,0.012345679012345678,0.008860597486984758,0.000848993288590604,0.0022074074074074075,0.004757595298745782
Evian,Bevande,1500000.0,37567.0,176000.0,220000.0,0.009259259259259259,0.0011898102178749103,0.0005906040268456376,0.008148148148148147,0.0046814792383735055
Goodyear,Pneumatici,3200000.0,38858.0,274000.0,14600.0,0.019753086419753086,0.0012306983641542648,0.0009194630872483221,0.0005407407407407407,0.004619256341332892
axa,Assicurazioni,3100000.0,82569.0,73600.0,11500.0,0.019135802469135803,0.002615099419163454,0.0002469798657718121,0.00042592592592592595,0.004433646137499591
Barilla,Alimentari,2700000.0,18679.0,203000.0,67500.0,0.016666666666666666,0.0005915954177785144,0.0006812080536912752,0.0025,0.004410495464792057
Mizuno,Abbigliamento Sportivo,2200000.0,294438.0,119000.0,9570.0,0.013580246913580247,0.009325347803408653,0.0003993288590604027,0.00035444444444444445,0.004360949987231822
dhl,Logistica,1700000.0,101140.0,271000.0,126000.0,0.010493827160493827,0.0032032742948829673,0.0009093959731543624,0.004666666666666667,0.004297545166935237
pirelli,Pneumatici,2200000.0,131829.0,431000.0,35000.0,0.013580246913580247,0.004175246658296685,0.0014463087248322147,0.0012962962962962963,0.004237433324040717
Decathlon,E-Commerceretail,1900000.0,166740.0,315000.0,52300.0,0.011728395061728396,0.0052809368788687555,0.0010570469798657717,0.001937037037037037,0.004088897098240124
hankook,Pneumatici,711658.0,0.0,227000.0,233000.0,0.004392950617283951,0.0,0.000761744966442953,0.00862962962962963,0.0037340897506007126
Siemens,Altro,1600000.0,210226.0,316000.0,26100.0,0.009876543209876543,0.006658211804588359,0.0010604026845637583,0.0009666666666666667,0.0036351813522608775
ubs,Banche,253638.0,503493.0,171000.0,39200.0,0.0015656666666666666,0.015946472064005436,0.0005738255033557047,0.001451851851851852,0.0033414986246642006
wind 3,Compagnie Telefoniche ,2000000.0,13237.0,76400.0,61700.0,0.012345679012345678,0.0004192381040277421,0.0002563758389261745,0.0022851851851851852,0.0033073086172530136
Bosch,Altro,1200000.0,241848.0,177000.0,34500.0,0.007407407407407408,0.007659733850789558,0.0005939597315436242,0.0012777777777777779,0.0032216607984735172
Umbro,Abbigliamento Sportivo,758200.0,165670.0,863000.0,16500.0,0.004680246913580247,0.005247048175136061,0.002895973154362416,0.0006111111111111111,0.0029200305463466373
Intesa San Paolo,Banche,518419.0,18281.0,76000.0,186000.0,0.003200117283950617,0.0005789900868573811,0.0002550335570469799,0.006888888888888889,0.00288280038145184
Barclays,Banche,625108.0,298042.0,76200.0,30800.0,0.0038586913580246915,0.009439492558784944,0.00025570469798657716,0.0011407407407407408,0.002619381021940204
Menabrea,Birra,35272.0,282000.0,15800.0,89000.0,0.0002177283950617284,0.008931415376280371,5.302013422818792e-05,0.0032962962962962963,0.002390703921323156
bet365,Scommesse,0.0,482720.0,0.0,8050.0,0.0,0.01528855613630518,0.0,0.00029814814814814813,0.0023827278648902214
socios.com,Criptovalute,272882.0,292516.0,340000.0,9820.0,0.0016844567901234569,0.009264474823432728,0.0011409395973154361,0.0003637037037037037,0.002235002551711114
poste italiane,Logistica,682422.0,83840.0,106000.0,56800.0,0.004212481481481481,0.0026553541317281787,0.00035570469798657715,0.0021037037037037036,0.001996407171461936
aeroitalia,Aviazione,29399.0,400000.0,19200.0,0.0,0.00018147530864197532,0.012668674292596271,6.442953020134228e-05,0.0,0.0019591465411883057
credit suisse,Banche,160715.0,363877.0,20900.0,0.0,0.000992067901234568,0.011524597988917635,7.013422818791946e-05,0.0,0.0019516502584503305
Estathé,Bevande,1300000.0,31502.0,97700.0,4150.0,0.008024691358024692,0.0009977214439134193,0.0003278523489932886,0.0001537037037037037,0.0019154559214507134
Lotto,Abbigliamento Sportivo,1100000.0,11521.0,399000.0,2020.0,0.006790123456790123,0.0003648894913125041,0.0013389261744966444,7.481481481481481e-05,0.0019038267205731705
enel,Energia,1000000.0,26271.0,75300.0,23900.0,0.006172839506172839,0.0008320468558519916,0.00025268456375838924,0.0008851851851851851,0.0017133700824833586
esselunga,E-Commerceretail,871057.0,0.0,280000.0,25000.0,0.005376895061728395,0.0,0.0009395973154362416,0.000925925925925926,0.0016820158505261415
Bridgestone,Pneumatici,496048.0,120154.0,139000.0,18000.0,0.0030620246913580246,0.003805479727381531,0.00046644295302013423,0.0006666666666666666,0.0015464819309358815
San Pellegrino,Bevande,922620.0,0.0,187000.0,12300.0,0.005695185185185185,0.0,0.00062751677852349,0.00045555555555555556,0.0014953345761869253
BYD,Auto,356612.0,87910.0,247000.0,28900.0,0.0022013086419753088,0.0027842578926553455,0.0008288590604026845,0.0010703703703703704,0.0014691121945454143
Illy,Bevande,692439.0,0.0,247000.0,20900.0,0.004274314814814815,0.0,0.0008288590604026845,0.000774074074074074,0.0013771858563261248
Fiji,Bevande,726276.0,47913.0,153000.0,5710.0,0.0044831851851851855,0.001517485478452913,0.0005134228187919463,0.0002114814814814815,0.0013674022898265998
Moretti,Birra,1000000.0,5222.0,20000.0,3750.0,0.006172839506172839,0.00016538954288984432,6.711409395973154e-05,0.0001388888888888889,0.0013245329322206173
betway,Scommesse,252041.0,140409.0,0.0,30000.0,0.0015558086419753087,0.004446989721872875,0.0,0.0011111111111111111,0.0013115435200093263
Joma,Abbigliamento Sportivo,531000.0,44770.0,231000.0,8300.0,0.003277777777777778,0.0014179413701988378,0.0007751677852348993,0.0003074074074074074,0.0012317777081398184
bwin,Scommesse,0.0,57430.0,0.0,83000.0,0.0,0.0018189049115595096,0.0,0.003074074074074074,0.0011950579589561487
Unicredit,Banche,552374.0,39350.0,30800.0,19900.0,0.003409716049382716,0.0012462808335341581,0.00010335570469798657,0.000737037037037037,0.0011261709426620733
eni,Carburanti,321598.0,65400.0,59700.0,25400.0,0.001985172839506173,0.0020713282468394906,0.00020033557046979865,0.0009407407407407408,0.0010600734768138101
eni,Energia,321588.0,65400.0,59600.0,25400.0,0.001985111111111111,0.0020713282468394906,0.0002,0.0009407407407407408,0.001059943681470368
repsol,Carburanti,226143.0,55460.0,120000.0,28700.0,0.0013959444444444444,0.001756511690668473,0.00040268456375838925,0.001062962962962963,0.001002494128693485
fastweb,Compagnie Telefoniche ,430166.0,27904.0,29400.0,24900.0,0.002655345679012346,0.0008837667186515159,9.865771812080538e-05,0.0009222222222222222,0.0009748310116091451
Ichnusa,Birra,664199.0,3175.0,74500.0,1520.0,0.0040999938271604934,0.0001005576021974829,0.00025,5.629629629629629e-05,0.0009394712946506101
iliad,Compagnie Telefoniche ,344757.0,28818.0,138000.0,19200.0,0.0021281296296296296,0.0009127146394100983,0.00046308724832214767,0.0007111111111111111,0.0009379469920835256
generali,Assicurazioni,287247.0,11669.0,27000.0,35000.0,0.0017731296296296297,0.00036957690080076475,9.060402684563759e-05,0.0012962962962962963,0.0008306627593309026
coop,E-Commerceretail,381191.0,25776.0,95700.0,9120.0,0.0023530308641975307,0.0008163693714149038,0.00032114093959731546,0.00033777777777777777,0.0008067942407441355
Diadora,Abbigliamento Sportivo,68200.0,0.0,464000.0,14700.0,0.00042098765432098764,0.0,0.0015570469798657717,0.0005444444444444444,0.000792497307150551
Mediolanum,Banche,181410.0,9680.0,47800.0,39300.0,0.0011198148148148148,0.00030658191788082977,0.00016040268456375838,0.0014555555555555556,0.0007627578569090695
santander,Banche,7974.0,99229.0,29300.0,20500.0,4.922222222222222e-05,0.0031427497034500888,9.832214765100671e-05,0.0007592592592592592,0.0007434474294175878
Macron,Abbigliamento Sportivo,195000.0,47036.0,184000.0,2470.0,0.0012037037037037038,0.0014897094100663956,0.0006174496644295302,9.148148148148148e-05,0.0007077489792454801
Schweppes,Bevande,452229.0,5864.0,44100.0,0.0,0.0027915370370370373,0.00018572276512946134,0.00014798657718120806,0.0,0.0006379611241902495
Beck's,Birra,449830.0,7745.0,24800.0,0.0,0.0027767283950617286,0.0002452972059903953,8.322147651006712e-05,0.0,0.0006212677766894286
Ellesse,Abbigliamento Sportivo,0.0,15119.0,389000.0,4050.0,0.0,0.0004788442165744076,0.0013053691275167786,0.00015,0.0005737058271170336
Peroni,Birra,223436.0,2829.0,59900.0,17600.0,0.0013792345679012345,8.959919893438713e-05,0.00020100671140939599,0.0006518518518518518,0.0005551946979692492
unipolsai,Assicurazioni,161224.0,27597.0,8271.0,14900.0,0.00099520987654321,0.0008740435111319483,2.775503355704698e-05,0.0005518518518518519,0.0005054183192789562
Messina,Birra,18197.0,92000.0,21000.0,0.0,0.00011232716049382716,0.0029137950872971424,7.046979865771812e-05,0.0,0.00048419912472353813
bper banca,Banche,250481.0,4956.0,26400.0,9530.0,0.001546179012345679,0.0001569648744852678,8.859060402684563e-05,0.00035296296296296296,0.00046967613394021084
ita airways,Aviazione,93321.0,14971.0,139000.0,9740.0,0.0005760555555555556,0.00047415680708614693,0.00046644295302013423,0.00036074074074074074,0.00045781188795330233
Twinings,Bevande,26769.0,39441.0,83100.0,11100.0,0.00016524074074074073,0.0012491629569357239,0.00027885906040268454,0.0004111111111111111,0.0004413565961627797
BNL BNP Paribas,Banche,238145.0,1917.0,2674.0,10500.0,0.0014700308641975308,6.071462154726763e-05,8.973154362416108e-06,0.00038888888888888887,0.00042292063676510866
Levissima,Bevande,266949.0,0.0,25500.0,0.0,0.0016478333333333334,0.0,8.557046979865772e-05,0.0,0.0003595163310961969
Ferrero,Alimentari,164620.0,2418.0,67400.0,1740.0,0.0010161728395061728,7.658213609874446e-05,0.0002261744966442953,6.444444444444444e-05,0.0003132162954748829
Ferrarelle,Bevande,206973.0,3117.0,12800.0,2410.0,0.001277611111111111,9.872064442505645e-05,4.295302013422819e-05,8.925925925925926e-05,0.00031214165371073836
Acqua Lete,Bevande,133405.0,5231.0,24300.0,7040.0,0.0008234876543209876,0.00016567458806142775,8.154362416107382e-05,0.00026074074074074075,0.00029631120975200976
sisal,Scommesse,0.0,0.0,66300.0,16100.0,0.0,0.0,0.00022248322147651006,0.0005962962962962963,0.0002567580164056674
Reale Mutua,Banche,64656.0,16361.0,34700.0,3830.0,0.0003991111111111111,0.000518180450252919,0.00011644295302013422,0.00014185185185185186,0.0002408598788727626
Edison,Energia,75060.0,9148.0,14600.0,7510.0,0.00046333333333333334,0.00028973258107167673,4.899328859060403e-05,0.00027814814814814813,0.00023671864927857407
Kimbo,Bevande,124505.0,1300.0,27500.0,1080.0,0.0007685493827160494,4.117319145093788e-05,9.228187919463087e-05,4e-05,0.00020418451297897136
San Benedetto,Bevande,106062.0,0.0,17100.0,4230.0,0.0006547037037037037,0.0,5.738255033557047e-05,0.00015666666666666666,0.0001980246333581904
hera,Energia,6439.0,7110.0,13300.0,11300.0,3.9746913580246916e-05,0.00022518568555089872,4.463087248322148e-05,0.00041851851851851853,0.00018290359647336727
a2a,Energia,37235.0,6620.0,22500.0,6890.0,0.00022984567901234568,0.0002096665595424683,7.550335570469798e-05,0.00025518518518518517,0.00018040084978603922
Segafredo,Bevande,76838.0,2359.0,28300.0,2570.0,0.00047430864197530863,7.471350664058651e-05,9.496644295302013e-05,9.518518518518518e-05,0.0001678625649802623
Angelo Poretti,Birra,97631.0,0.0,0.0,1160.0,0.0006026604938271605,0.0,0.0,4.296296296296296e-05,0.000133420987654321
Banca popolare di Milano,Banche,11855.0,2109.0,5667.0,1350.0,7.317901234567902e-05,6.679558520771384e-05,1.9016778523489933e-05,5e-05,4.6311012733514354e-05
brt,Logistica,0.0,1191.0,0.0,2180.0,0.0,3.7720977706205396e-05,0.0,8.074074074074073e-05,2.988036887815303e-05
snaitech,Scommesse,0.0,0.0,1992.0,2160.0,0.0,0.0,6.684563758389262e-06,8e-05,2.633959731543624e-05
agip,Carburanti,0.0,0.0,0.0,0.0,0.0,0.0,0.0,0.0,0.0
esso,Carburanti,0.0,0.0,0.0,0.0,0.0,0.0,0.0,0.0,0.0
tamoil,Carburanti,0.0,0.0,0.0,0.0,0.0,0.0,0.0,0.0,0.0
gls,Logistica,0.0,0.0,0.0,0.0,0.0,0.0,0.0,0.0,0.0
