brand,category,facebook,x,instagram,youtube,facebook_log,x_log,instagram_log,youtube_log,facebook_log_z,x_log_z,instagram_log_z,youtube_log_z,cluster,PC1,PC2,cluster_name
Adidas,Abbigliamento Sportivo,43000000.0,4120476.0,29400000.0,2190000.0,17.57671069691365,15.231479491323134,17.196505266322514,14.599412558413583,0.9754006358020351,0.9293872406993349,1.1563705541280496,1.0823127035887357,0,2.071564566107623,0.14234605789779475,Brand ad alta presenza omnicanale
Nike,Abbigliamento Sportivo,39000000.0,9598061.0,298000000.0,2210000.0,17.479072229734946,16.077071761058566,19.512604047825384,14.60850352598252,0.9514802923812464,1.123962558339545,1.7309596197002928,1.0848500700050394,0,2.4641883155662194,0.001799064482915444,Brand ad alta presenza omnicanale
Puma,Abbigliamento Sportivo,22000000.0,1857326.0,13000000.0,904000.0,16.906553056777135,14.434648915301233,16.380459992348886,13.714585745568392,0.8112194338502382,0.7460322503759221,0.9539220682595416,0.8353500098893764,0,1.6750698416707888,0.0696997452160999,Brand ad alta presenza omnicanale
Macron,Abbigliamento Sportivo,195000.0,47036.0,184000.0,2470.0,12.180759965737863,10.75868980502856,12.122696471358964,7.81237820598861,-0.346547550204844,-0.09982566142537244,-0.10236464217416524,-0.8120063445821256,1,-0.6551607374460985,-0.5367789210661869,Brand con presenza media e bilanciata
Joma,Abbigliamento Sportivo,531000.0,44770.0,231000.0,8300.0,13.182519183461475,10.709315887371531,12.35017731849889,9.024131268455035,-0.101127633185543,-0.11118686475598442,-0.04593008573918512,-0.4737957523387885,1,-0.3511040476714472,-0.3408824937439515,Brand con presenza media e bilanciata
New Balance,Abbigliamento Sportivo,9500000.0,311388.0,8700000.0,194000.0,16.066802461833923,12.648798213416432,15.978833698567334,12.175618592671356,0.6054898356777431,0.33509842326566813,0.8542846612990996,0.4058111802825224,0,1.1134169588910237,-0.11008720108334524,Brand ad alta presenza omnicanale
Mizuno,Abbigliamento Sportivo,2200000.0,294438.0,119000.0,9570.0,14.603968372873895,12.592827129889196,11.686887175419702,9.166492972195906,0.24711168015511883,0.3222191766763087,-0.2104823347878415,-0.4340613892689988,1,-0.029064712911065105,-0.513377212302264,Brand con presenza media e bilanciata
u-power,Abbigliamento Sportivo,31300.0,1359000.0,39600.0,2710.0,10.351405324899678,14.122260428968183,10.586609649448985,7.905072849498666,-0.7947191828788046,0.6741499837908509,-0.4834445419988084,-0.7861344807095393,1,-0.6809726129044169,-0.46506072630519457,Brand con presenza media e bilanciata
Legea,Abbigliamento Sportivo,35200.0,1309000.0,24000.0,95000.0,10.468829770273567,14.084774808833686,10.085850775128717,11.461642696843066,-0.7659514938674834,0.665524341497678,-0.6076752423344771,0.20653443153302734,1,-0.2751832340894467,0.4171628593536335,Brand con presenza media e bilanciata
Givova,Abbigliamento Sportivo,49900.0,2138000.0,49600.0,498000.0,10.817796321618971,14.575381838293866,10.811766273800105,13.118357364036902,-0.6804585524914951,0.7784156509506394,-0.4275865900726977,0.6689375944591169,1,0.13506447392176354,0.7292114008063268,Brand con presenza media e bilanciata
Lacoste,Abbigliamento Sportivo,16000000.0,1110923.0,8600000.0,105000.0,16.588099342704055,13.920702659441229,15.967272877502799,11.561725152903833,0.7332017997725584,0.627770459719717,0.8514165965059354,0.2344682967617917,0,1.2427033669933831,-0.37907911556898716,Brand ad alta presenza omnicanale
The North Face,Abbigliamento Sportivo,7000000.0,659841.0,5500000.0,557000.0,15.76142084987672,13.39975569140391,15.520258832020865,13.230322314239945,0.5306747218861619,0.5078977676345824,0.7405191750563769,0.7001879649278249,0,1.2392601534123813,0.1540906074688897,Brand ad alta presenza omnicanale
Lotto,Abbigliamento Sportivo,1100000.0,11521.0,399000.0,2020.0,13.910821646859095,9.352013530292329,12.896719202134523,7.611347717403621,0.07729840669474222,-0.4235094186803743,0.08965868651970793,-0.8681156647970109,1,-0.5301895082793707,-0.7014386125928108,Brand con presenza media e bilanciata
reebok,Abbigliamento Sportivo,10000000.0,644395.0,4300000.0,168000.0,16.118095750958314,13.376068722941048,15.274125813221904,12.031725210748633,0.6180561236018621,0.5024472691170908,0.6794572970364755,0.3656493127969766,0,1.091945658133442,-0.15910256494347919,Brand ad alta presenza omnicanale
Asics,Abbigliamento Sportivo,4800000.0,133440.0,1400000.0,47400.0,15.38412668421143,11.80141471156929,14.151983508870947,10.766398604507042,0.43824182864076233,0.1401109335070771,0.4010707691191639,0.012485888553452066,1,0.5080254445150282,-0.26127462422059133,Brand con presenza media e bilanciata
Kappa,Abbigliamento Sportivo,1100000.0,3723000.0,933000.0,4630.0,13.910821646859095,15.130040621455409,13.746161551640268,8.440528106480752,0.07729840669474222,0.9060456125506388,0.3003924815365558,-0.6366843615449034,1,0.3567804183034612,-0.861905506307786,Brand con presenza media e bilanciata
Diadora,Abbigliamento Sportivo,68200.0,0.0,464000.0,14700.0,11.130214506480655,0.0,13.047641986378483,9.595670797663967,-0.6039195562461621,-2.5754579030267473,0.12710034585861932,-0.3142742057038799,3,-1.6720486937318881,0.5586064414505789,Brand con presenza social moderatamente inferiore alla media
Champion,Abbigliamento Sportivo,1800000.0,46480.0,4500000.0,4860.0,14.403297778421795,10.746798905924305,15.319588176962746,8.488999457045455,0.19794960630811165,-0.10256182110072289,0.6907358216439649,-0.623155595091485,1,0.1248190569924769,-0.7200728203765467,Brand con presenza media e bilanciata
Under Armour,Abbigliamento Sportivo,11000000.0,913086.0,8200000.0,304000.0,16.213405921671733,13.724586445289194,15.919644834185693,12.624786269856633,0.6414060601671936,0.5826430667328264,0.8396007995618807,0.5311777015836444,0,1.3060583872419622,-0.07173990493785493,Brand ad alta presenza omnicanale
Salomon,Abbigliamento Sportivo,1500000.0,76090.0,1400000.0,293000.0,14.220976332738882,11.239685271415658,14.151983508870947,12.587931300962664,0.1532828707506208,0.010853975801033209,0.4010707691191639,0.520891166114637,1,0.5376420557879686,0.3224796580392467,Brand con presenza media e bilanciata
Umbro,Abbigliamento Sportivo,758200.0,165670.0,863000.0,16500.0,13.538703800976718,12.01775917301022,13.668171128813444,9.711176264112805,-0.01386634551525527,0.1898929547142243,0.281044237612965,-0.2820356470197449,1,0.1066862900465888,-0.3388794346796378,Brand con presenza media e bilanciata
EA7,Abbigliamento Sportivo,8600000.0,3147936.0,19600000.0,257000.0,15.967272877502799,14.962257875612694,16.791040175221152,12.456835254920371,0.5811061894927678,0.8674379026231258,1.0557807996328106,0.4843011439838267,0,1.5121171134834537,-0.19879638260439048,Brand ad alta presenza omnicanale
Ralph Lauren,Abbigliamento Sportivo,9400000.0,2217334.0,16700000.0,292000.0,16.056220353623207,14.611816582280202,16.630919337267223,12.584512505902088,0.6028973363295815,0.7867994810044536,1.0160572423331975,0.5199369513179009,0,1.477962731063705,-0.14893451361792776,Brand ad alta presenza omnicanale
Columbia,Abbigliamento Sportivo,2600000.0,122912.0,690000.0,156000.0,14.77102238760702,11.719232067014644,13.444448325847754,11.957617696467539,0.2880380641685438,0.12120026610736706,0.22554199507914408,0.34496527487618545,1,0.4849472082413041,0.12268056557529339,Brand con presenza media e bilanciata
Lululemon,Abbigliamento Sportivo,3400000.0,864298.0,5400000.0,306000.0,15.039286283703994,13.669674052734392,15.501909696719672,12.631343648903034,0.35375974853597264,0.570007430615815,0.7359670322069558,0.5330079218814442,0,1.102009041045406,0.060185180958338136,Brand ad alta presenza omnicanale
Converse,Abbigliamento Sportivo,46000000.0,935286.0,10500000.0,157000.0,17.6441519761925,13.748608713042394,16.166885910365842,11.964007453736912,0.9919230025259491,0.5881707194158144,0.9009375698533648,0.34674871050948775,0,1.4304210059167994,-0.3776970057749394,Brand ad alta presenza omnicanale
Ellesse,Abbigliamento Sportivo,0.0,15119.0,389000.0,4050.0,0.0,9.623773649733524,12.871337193291367,8.30671904320269,-3.330698878321892,-0.3609759572773315,0.08336179415051805,-0.6740316098750914,3,-2.1110537936419242,0.7389182377797533,Brand con presenza social moderatamente inferiore alla media
Gucci,Moda,21000000.0,6861393.0,51500000.0,1460000.0,16.860033043306743,15.741421186055407,17.75709238505144,14.19394767861579,0.7998225456123799,1.0467275603566606,1.2954437367119465,0.9691440049669532,0,2.0642467482114815,0.05563695408191616,Brand ad alta presenza omnicanale
Armani,Moda,810422.0,3147936.0,5500000.0,257000.0,13.605311612560273,14.962257875612694,15.520258832020865,12.456835254920371,0.00245183085133699,0.8674379026231258,0.7405191750563769,0.4843011439838267,0,1.0558573649087435,0.07654424158514175,Brand ad alta presenza omnicanale
Hugo Boss,Moda,8600000.0,648440.0,12300000.0,263000.0,15.967272877502799,13.38232629941705,16.325109901643454,12.479913113434042,0.5811061894927678,0.5038871710344263,0.9401905481915003,0.49074237069690796,0,1.271183253814459,-0.08340349345841852,Brand ad alta presenza omnicanale
Dior,Moda,20000000.0,8850675.0,46800000.0,4130000.0,16.811242881518265,15.99600439824778,17.661393782255395,15.233788207067937,0.7878694961713212,1.1053085232522826,1.2717023612592688,1.2593723459216677,0,2.210089469710021,0.3040459433288055,Brand ad alta presenza omnicanale
louis Vuitton,Moda,25000000.0,9537021.0,55900000.0,5440000.0,17.034386422832473,16.070691835363462,17.839074956014414,15.509289802655639,0.8425371931825559,1.122494503210524,1.3157823721877007,1.3362671858802693,0,2.3052028321226556,0.33851231875736343,Brand ad alta presenza omnicanale
Moncler,Moda,3000000.0,1009196.0,5900000.0,54600.0,14.914123179965662,13.824665523093016,15.59046307836746,10.907807476583594,0.32309617390659023,0.6056717994327013,0.7579357863985402,0.05195430819674715,0,0.8924776878780855,-0.3617927792296768,Brand ad alta presenza omnicanale
prada,Moda,8100000.0,1989266.0,34000000.0,395000.0,15.90737474309945,14.503276787137663,17.341871111992198,12.886643575525625,0.5664318097468191,0.7618238918554769,1.1924336210820699,0.6042643041075048,0,1.5803335190929766,-0.08732259931556785,Brand ad alta presenza omnicanale
versace,Moda,7500000.0,4924770.0,29400000.0,671000.0,15.830413711839864,15.409788334045357,17.196505266322514,13.416525906265674,0.5475772091888448,0.9704170619884891,1.1563705541280496,0.7521589721301305,0,1.7252275960601415,0.0047715561610838205,Brand ad alta presenza omnicanale
dolce e gabbana,Moda,12000000.0,4805873.0,30500000.0,647000.0,16.300417291085605,15.38534947770641,17.233237274364523,13.380103119076898,0.6627228822971798,0.964793550037035,1.1654832095752212,0.7419930622530837,0,1.7799350754971859,-0.047808051381687144,Brand ad alta presenza omnicanale
Chanel,Moda,24000000.0,11470973.0,59800000.0,2820000.0,16.993564429978885,16.255330402675533,17.906516235643267,14.852247797524162,0.8325362569082126,1.1649808280850642,1.3325135332903346,1.1528811705547057,0,2.2451109902388033,0.16843876782068223,Brand ad alta presenza omnicanale
Hermes,Moda,4000000.0,160275.0,15400000.0,420000.0,15.201805169084134,11.984652608112238,16.54987813231892,12.948012371209098,0.3935750760701662,0.18227495652342207,0.9959521455230008,0.6213928572560492,0,1.1067601342320081,0.1700083653275255,Brand ad alta presenza omnicanale
Givenchy,Moda,2700000.0,1094921.0,16000000.0,116000.0,14.80876270134486,13.906193685818844,16.588099342704055,11.661354090741,0.29728402317940283,0.6244318670524822,1.005434249540164,0.2622755811947259,0,1.1185730883443263,-0.21756003628888243,Brand ad alta presenza omnicanale
Saint Laurent,Moda,3700000.0,3834716.0,13500000.0,410000.0,15.123843647884687,15.159606196057975,16.41820031748273,12.923914877701906,0.3744753665541959,0.9128488098780098,0.9632848719215583,0.61466704173877,0,1.4433209628332884,-0.0011608115509986778,Brand ad alta presenza omnicanale
Valentino,Moda,3400000.0,2305472.0,18900000.0,177000.0,15.039286283703994,14.650796419434752,16.75467253293992,12.083910661257521,0.35375974853597264,0.7957689506500113,1.0467585378181055,0.38021471615331065,0,1.309570606984396,-0.1850134684158792,Brand ad alta presenza omnicanale
Fendi,Moda,3700000.0,1113343.0,21100000.0,258000.0,15.123843647884687,13.9228786570772,16.86478364583966,12.460718739865236,0.3744753665541959,0.6282711684493935,1.0740754389690685,0.48538505768196694,0,1.2993199069196497,-0.06486864561669115,Brand ad alta presenza omnicanale
Burberry,Moda,17000000.0,7286918.0,20200000.0,430000.0,16.648723960844016,15.801591380905172,16.821193211876384,12.971542813248437,0.7480541599904618,1.0605730449884319,1.0632613118174647,0.6279604038828134,0,1.7630924705057394,-0.18457506091272258,Brand ad alta presenza omnicanale
Dolce e Gabbana,Moda,12000000.0,4805969.0,30500000.0,647000.0,16.300417291085605,15.385369453061815,17.233237274364523,13.380103119076898,0.6627228822971798,0.9647981464734762,1.1654832095752212,0.7419930622530837,0,1.7799373819462538,-0.04780917387492856,Brand ad alta presenza omnicanale
Moschino,Moda,1500000.0,498611.0,11600000.0,81200.0,14.220976332738882,13.119583517170668,16.266515742283485,11.304682841344873,0.1532828707506208,0.44342864729548787,0.925654223772388,0.16272560007158957,0,0.8671800867360385,-0.19168633376539762,Brand ad alta presenza omnicanale
Salvatore Ferragamo,Moda,2000000.0,479994.0,7500000.0,47000.0,14.508658238524095,13.081530966163154,15.830413711839864,10.757924157061597,0.22376175249847105,0.4346725511670028,0.8174639081571956,0.010120598150450808,1,0.7693542552559373,-0.32998719563255596,Brand con presenza media e bilanciata
Coca-Cola,Bevande,108000000.0,2743443.0,3200000.0,4760000.0,18.497641794347754,14.82472462339021,14.978661680269907,15.375758436291614,1.201018558266842,0.8357907634579892,0.6061571159652518,1.298997445122102,0,1.9451470219091442,0.36955937189678356,Brand ad alta presenza omnicanale
Red Bull,Bevande,60000000.0,1847316.0,31400000.0,27000000.0,17.909855136853043,14.429244874124425,17.262318482725615,17.11134746100564,1.0570173350635188,0.7447887515099175,1.1726978173766505,1.7834151124847795,0,2.354529829214169,0.7670439545803573,Brand ad alta presenza omnicanale
pepsi,Bevande,36000000.0,2455757.0,2100000.0,975000.0,17.399029524198163,14.713946029192403,14.557448378884015,13.790193775620484,0.9318707157451793,0.8103000146358431,0.5016604687657423,0.8564528545318494,0,1.5366491419413224,0.10905394008873298,Brand ad alta presenza omnicanale
Monster Energy,Bevande,25000000.0,2696180.0,10100000.0,3540000.0,17.034386422832473,14.807346885259298,16.128046080821385,15.079637567595793,0.8425371931825559,0.8317920526871958,0.89130199578236,1.2163475905606655,0,1.8776718833244757,0.3816226982399943,Brand ad alta presenza omnicanale
Lavazza,Bevande,1000000.0,722000.0,157000.0,44000.0,13.815511557963774,13.489781802915555,11.964007453736912,10.691967639914864,0.053948490173938615,0.5286132588591791,-0.14173298651259914,-0.008288427101855735,1,0.21288014587774132,-0.13096069261629942,Brand con presenza media e bilanciata
Gatorade,Bevande,6200000.0,313656.0,1300000.0,222000.0,15.64006001130563,12.656055311146087,14.077875591662238,12.310437165348775,0.5009426601246627,0.3367683203856304,0.3826857160978818,0.4434401912774047,0,0.8287034639077314,0.04741247752589084,Brand ad alta presenza omnicanale
Powerade,Bevande,4700000.0,111341.0,183000.0,101000.0,15.363073279446223,11.620361824572393,12.117246896289503,11.522885696764481,0.4330839775733248,0.09844969290926459,-0.10371659929790052,0.22362787401380865,1,0.3141975743491219,0.027157790132656786,Brand con presenza media e bilanciata
San Benedetto,Bevande,106062.0,0.0,17100.0,4230.0,11.571788536167002,0.0,9.746892220313054,8.350193650720067,-0.4957388080123071,-2.5754579030267473,-0.691765731408036,-0.6618974769304874,3,-2.2155665284473645,0.3623083005549169,Brand con presenza social moderatamente inferiore alla media
Estathé,Bevande,1300000.0,31502.0,97700.0,4150.0,14.077875591662238,10.357838058374103,11.489667073393028,8.33110454805304,0.11822477357609587,-0.19206379879189214,-0.2594096581993405,-0.667225407940844,1,-0.4859110580132332,-0.5342994030206851,Brand con presenza media e bilanciata
Acqua Lete,Bevande,133405.0,5231.0,24300.0,7040.0,11.801152388963446,8.562548893137034,10.098272780745283,8.859505484519133,-0.4395472035582503,-0.6051694669543091,-0.6045935306835067,-0.519744209667344,3,-1.0863518270039088,-0.031495375774431233,Brand con presenza social moderatamente inferiore alla media
Lipton,Bevande,7200000.0,57338.0,122000.0,1080.0,15.789591722875162,10.956736299452707,11.711784520403112,6.985641817639208,0.5375762738672354,-0.05425410059243651,-0.2043056801893858,-1.0427555064316887,1,-0.35308358502360226,-1.0645595103007752,Brand con presenza media e bilanciata
Schweppes,Bevande,452229.0,5864.0,44100.0,0.0,13.021946178951856,8.676757761087575,10.694237736914808,0.0,-0.14046624145095077,-0.5788893937391669,-0.45674364189031347,-2.9925075883737486,4,-1.9959216901505383,-2.3407372642103965,"Brand forti su Facebook, Instagram e X ma deboli su YouTube"
San Pellegrino,Bevande,922620.0,0.0,187000.0,12300.0,13.734973811607055,0.0,12.138869243416009,9.417435838868785,0.03421763401800285,-2.5754579030267473,-0.09835242211766984,-0.36402109955524614,3,-1.4969870647824715,0.31544248006241427,Brand con presenza social moderatamente inferiore alla media
Acqua Panna,Bevande,45788.0,0.0,36400.0,799000.0,10.731799166583231,0.0,10.502351525774941,13.591117476312084,-0.7015269033280633,-2.5754579030267473,-0.5043477076735144,0.8008889651750016,3,-1.5378311553389363,1.685565617020983,Brand con presenza social moderatamente inferiore alla media
Levissima,Bevande,266949.0,0.0,25500.0,0.0,12.494816653928332,0.0,10.146472946063877,0.0,-0.269607138785214,-2.5754579030267473,-0.5926357989269763,-2.9925075883737486,4,-3.1344766752995783,-1.779815377669559,"Brand forti su Facebook, Instagram e X ma deboli su YouTube"
Ferrarelle,Bevande,206973.0,3117.0,12800.0,2410.0,12.240348460493946,8.044947049617722,9.45727857185611,7.787796878181171,-0.3319490287441932,-0.7242724279421612,-0.7636144957927158,-0.8188672023702296,3,-1.3162608315197297,-0.2757958434306529,Brand con presenza social moderatamente inferiore alla media
Evian,Bevande,1500000.0,37567.0,176000.0,220000.0,14.220976332738882,10.53390790318777,12.07824495582233,12.301387370778713,0.1532828707506208,-0.15154918293311606,-0.11339239063612483,0.4409143165954861,1,0.1451963476146825,0.3855298785700927,Brand con presenza media e bilanciata
Fiji,Bevande,726276.0,47913.0,153000.0,5710.0,13.495686763737751,10.777163016268934,11.938199736300925,8.650149418664864,-0.02440504336082488,-0.09557487641517452,-0.1481354907427831,-0.5781772693521174,1,-0.4079668476830962,-0.4463865373984326,Brand con presenza media e bilanciata
Illy,Bevande,692439.0,0.0,247000.0,20900.0,13.447976870690665,0.0,12.417147664184915,9.94755228369823,-0.036093438920810815,-2.5754579030267473,-0.02931575622262879,-0.21606108829786477,3,-1.4264658437324778,0.4588597657886211,Brand con presenza social moderatamente inferiore alla media
Kimbo,Bevande,124505.0,1300.0,27500.0,1080.0,11.73210918649675,7.170888478512505,10.221977646629885,6.985641817639208,-0.4564620237269412,-0.9253979942415753,-0.5739042250878056,-1.0427555064316887,3,-1.4824941752614342,-0.4100320901799338,Brand con presenza social moderatamente inferiore alla media
Segafredo,Bevande,76838.0,2359.0,28300.0,2570.0,11.24946760274263,7.7664168980196555,10.250652418696085,7.852050207265889,-0.5747038680137994,-0.7883637100638936,-0.5667904479818379,-0.8009335514008509,3,-1.3563841007873463,-0.1886615377329785,Brand con presenza social moderatamente inferiore alla media
Twinings,Bevande,26769.0,39441.0,83100.0,11100.0,10.195037136514399,10.582586517370014,11.32781201446548,9.314790473332646,-0.8330276577488225,-0.14034797266216703,-0.29956344948408625,-0.3926702946299839,3,-0.8278650230226228,0.059135612894620104,Brand con presenza social moderatamente inferiore alla media
Yoga,Bevande,12207.0,0.0,7360.0,523000.0,9.409846753524238,0.0,8.903951072058707,13.167338655091122,-1.0253906080750408,-2.5754579030267473,-0.9008866767563072,0.6826086896429594,5,-1.9653357803627642,1.776132676799157,Brand con presenza social selettiva su poche piattaforme
Peroni,Birra,223436.0,2829.0,59900.0,17600.0,12.316884774105722,7.948031990637284,11.000448478455008,9.77571099759397,-0.3131984793075244,-0.7465731029366695,-0.3807773898224289,-0.26402345368845237,3,-0.8562363530149139,0.13850595982280384,Brand con presenza social moderatamente inferiore alla media
Heineken,Birra,23000000.0,164277.0,853000.0,698000.0,16.951004817371683,12.009315393659888,13.656515998806071,13.455975814408239,0.8221096230328904,0.1879499957871179,0.2781527761979583,0.763169777227404,0,1.0073039597474427,0.26136517563080797,Brand ad alta presenza omnicanale
Budweiser,Birra,14000000.0,33683.0,735000.0,223000.0,16.454567959008102,10.424778226149883,13.507627138738266,12.314931534737134,0.7004880892058593,-0.17666050707076925,0.2412157026742786,0.44469460802259814,1,0.5958700180851088,0.12434407573809947,Brand con presenza media e bilanciata
Carlsberg,Birra,3200000.0,29895.0,85200.0,974000.0,14.978661680269907,10.30547997116532,11.352768449837729,13.78916760931819,0.3389073919208456,-0.2041116755456261,-0.29337213545418533,0.8561664427837886,1,0.3088177476117757,0.7243276666596982,Brand con presenza media e bilanciata
corona,Birra,14000000.0,46076.0,908000.0,13200.0,16.454567959008102,10.738069189083738,13.719000758904409,9.488047863280759,0.7004880892058593,-0.10457057577830967,0.29365429979623625,-0.34431268260495995,1,0.2928310169043656,-0.5930252273058508,Brand con presenza media e bilanciata
guinness,Birra,6000000.0,68435.0,448000.0,64900.0,15.607270193858982,11.133654280944539,13.012550743537489,11.080618310893968,0.4929095178940167,-0.01354432393399047,0.11839473943336465,0.10018728274290899,1,0.34857654276310407,-0.11633909677998736,Brand con presenza media e bilanciata
Moretti,Birra,1000000.0,5222.0,20000.0,3750.0,13.815511557963774,8.560827228436299,9.90353755128617,8.229777750081887,0.053948490173938615,-0.6055656312382142,-0.6529043948066263,-0.6955065795866503,3,-0.9479838054621181,-0.36242492016009176,Brand con presenza social moderatamente inferiore alla media
Ichnusa,Birra,664199.0,3175.0,74500.0,1520.0,13.406338587924783,8.063377822367027,11.218567827096358,7.327123292259293,-0.04629435718583097,-0.7200314082564294,-0.3266652795273161,-0.9474451207196766,3,-0.9990368769655885,-0.5762874886556316,Brand con presenza social moderatamente inferiore alla media
Menabrea,Birra,35272.0,282000.0,15800.0,89000.0,10.470873077735911,12.549665896013254,9.6678285081515,11.39640288460621,-0.7654509061623931,0.3122875452130949,-0.7113802421769171,0.18832544472051627,3,-0.5158374695558329,0.5061267605482649,Brand con presenza social moderatamente inferiore alla media
Forst,Birra,92521.0,0.0,0.0,531000.0,11.43520173305942,0.0,0.0,13.182519183461475,-0.5292010625057245,-2.5754579030267473,-3.1098222227071766,0.6868457043035648,5,-2.89132281593559,1.9936338717145865,Brand con presenza social selettiva su poche piattaforme
Messina,Birra,18197.0,92000.0,21000.0,0.0,9.809066976916636,11.429554725537322,9.952325334619427,0.0,-0.9275860734484165,0.05454395579275564,-0.6408008839112028,-2.9925075883737486,4,-2.168456877828216,-2.1653116982315073,"Brand forti su Facebook, Instagram e X ma deboli su YouTube"
Angelo Poretti,Birra,97631.0,0.0,0.0,1160.0,11.488960587516397,0.0,0.0,7.057036981697891,-0.5160307383734798,-2.5754579030267473,-3.1098222227071766,-1.0228285085411706,5,-3.6802460790161824,0.4929919339659479,Brand con presenza social selettiva su poche piattaforme
Beck's,Birra,449830.0,7745.0,24800.0,0.0,13.016627235652297,8.954931860074698,10.118639253920785,0.0,-0.14176932366882575,-0.5148800412333387,-0.5995409168293947,-2.9925075883737486,4,-2.040433207805533,-2.329965291038756,"Brand forti su Facebook, Instagram e X ma deboli su YouTube"
Stella Artois,Birra,8100000.0,75504.0,267000.0,63200.0,15.90737474309945,11.23195415820989,12.495007682693725,11.05407540279458,0.5664318097468191,0.009075005177052226,-0.009999863637345643,0.09277893120147979,1,0.3248196827288363,-0.13276042631091833,Brand con presenza media e bilanciata
Barilla,Alimentari,2700000.0,18679.0,203000.0,67500.0,14.80876270134486,9.835208711782833,12.220966184120165,11.119897691565697,0.29728402317940283,-0.31232361520779744,-0.07798541323951998,0.11115049217181452,1,0.001723707750890918,0.07559625996040772,Brand con presenza media e bilanciata
Ferrero,Alimentari,164620.0,2418.0,67400.0,1740.0,12.011401141104225,7.791109510610028,11.118415133585586,7.462214939768189,-0.3880385871253963,-0.7826818074376533,-0.3515116474968018,-0.9097398922153517,3,-1.1965416740321844,-0.39466773778382613,Brand con presenza social moderatamente inferiore alla media
McDonald's,Alimentari,82000000.0,4573456.0,5500000.0,793000.0,18.22222981742365,15.335779932044634,15.520258832020865,13.583579761650238,1.1335456732392104,0.9533873316530395,0.7405191750563769,0.7987851248638783,0,1.8092648216030938,-0.09570728579947085,Brand ad alta presenza omnicanale
KFC,Alimentari,60000000.0,1587195.0,1900000.0,506000.0,17.909855136853043,14.27747949534828,14.45736497045232,13.134293924552235,1.0570173350635188,0.7098667236732693,0.4768312893761059,0.673385624125526,0,1.4502593966399133,-0.06924258878314166,Brand ad alta presenza omnicanale
Subway,Alimentari,21000000.0,2034602.0,1400000.0,124000.0,16.860033043306743,14.525811271831998,14.151983508870947,11.728044909070785,0.7998225456123799,0.7670091976750659,0.4010707691191639,0.2808895561564228,0,1.1277629607926334,-0.3158642284855719,Brand ad alta presenza omnicanale
BMW,Auto,20000000.0,2669046.0,43400000.0,1920000.0,16.811242881518265,14.797232037823221,17.585970022112107,14.467836264837162,0.7878694961713212,0.8294645720287307,1.2529908675143622,1.0455886402840495,0,1.962246462237844,0.1877803297710562,Brand ad alta presenza omnicanale
Jeep,Auto,6300000.0,1101083.0,8400000.0,267000.0,15.656060350091908,13.911805707072485,15.943742382861155,12.495007682693725,0.5048625659740266,0.6257232232499231,0.8455790367970952,0.49495539343817846,0,1.2459234103422268,-0.06356166626505838,Brand ad alta presenza omnicanale
BYD,Auto,356612.0,87910.0,247000.0,28900.0,12.784406439158921,11.38408021805069,12.417147664184915,10.27163147557801,-0.19866084769699247,0.04408002766163389,-0.02931575622262879,-0.12560782779914026,1,-0.15097397843389074,-0.04044261733562943,Brand con presenza media e bilanciata
Audi,Auto,1300000.0,611009.0,5800000.0,335000.0,14.077875591662238,13.322868604631912,15.573368647930426,12.721888795877375,0.11822477357609587,0.49020563648989623,0.7536949168424795,0.5582798429778271,0,0.9657211348770623,0.18735361748004306,Brand ad alta presenza omnicanale
Mercedes,Auto,23000000.0,3919979.0,39300000.0,2070000.0,16.951004817371683,15.181597109712813,17.486735102284783,14.543059648333223,0.8221096230328904,0.9179090370852988,1.2283721853100047,1.0665841267992364,0,2.020368459296016,0.17610893815195638,Brand ad alta presenza omnicanale
VW,Auto,33000000.0,720127.0,11000000.0,332000.0,17.312018149733785,13.487184252969419,16.213405921671733,12.712893259942282,0.9105538923778752,0.5280155486814193,0.9124784808197431,0.5557691123426914,0,1.4630611525265904,-0.15156984213595787,Brand ad alta presenza omnicanale
Toyota,Auto,21000000.0,236357.0,10000000.0,74900.0,16.860033043306743,12.37310288375517,16.118095750958314,11.223922520551032,0.7998225456123799,0.2716594488796481,0.8888334694898643,0.1401847072350149,0,1.0732668943304997,-0.40649916393643737,Brand ad alta presenza omnicanale
honda,Auto,5600000.0,1160996.0,6100000.0,664000.0,15.53827733427679,13.964789676697363,15.623799493077952,13.406038934481533,0.47600703117464077,0.6379151189052906,0.7662060465148213,0.7492319690568027,0,1.3137321277829974,0.1811909570873781,Brand ad alta presenza omnicanale
Hyundai,Auto,0.0,360786.0,1500000.0,903000.0,0.0,12.796043035479343,14.220976332738882,13.713478939818222,-3.330698878321892,0.3689802467510355,0.41818684487295543,0.8350410909851389,3,-0.8644587282886921,1.8200822449672975,Brand con presenza social moderatamente inferiore alla media
Kia,Auto,0.0,250786.0,724000.0,272000.0,0.0,12.432359252266686,13.49254805258237,12.513561021741964,-3.330698878321892,0.2852946571685567,0.23747480954260572,0.5001337882629658,3,-1.1584347312415986,1.5803241126812595,Brand con presenza social moderatamente inferiore alla media
nissan,Auto,22000000.0,751165.0,7400000.0,266000.0,16.906553056777135,13.529381944936016,15.816990693309524,12.491255347155265,0.8112194338502382,0.537725463982151,0.8141338603474464,0.4939080846555004,0,1.3372947937385766,-0.15276757482337222,Brand ad alta presenza omnicanale
renault,Auto,18000000.0,131698.0,180000.0,87400.0,16.705882371415992,11.788274294688119,12.100717685412471,11.37826200322577,0.7620573377315222,0.13708725308793296,-0.10781724643278542,0.18326217034099293,1,0.47664518442581016,-0.14085828251516208,Brand con presenza media e bilanciata
BNL BNP Paribas,Banche,238145.0,1917.0,2674.0,10500.0,12.380639209951061,7.559038255443384,7.891704659330107,9.259225769705994,-0.29757934840466055,-0.836082648251087,-1.1520096966653182,-0.4081788762902974,3,-1.3708031346519403,0.16831570392112086,Brand con presenza social moderatamente inferiore alla media
Reale Mutua,Banche,64656.0,16361.0,34700.0,3830.0,11.076851653667346,9.702716852073644,10.454523783963511,8.25088114470065,-0.6169928643601773,-0.34281070290991605,-0.5162130467926118,-0.6896164425501249,3,-1.0751884486599916,-0.19332253798966476,Brand con presenza social moderatamente inferiore alla media
Unicredit,Banche,552374.0,39350.0,30800.0,19900.0,13.221982442433042,10.580276666483256,10.335302435967074,9.898525260706313,-0.09145957166860333,-0.1408794817429362,-0.5457900594350024,-0.22974494765471556,1,-0.5136002245977613,-0.033066238254962216,Brand con presenza media e bilanciata
Intesa San Paolo,Banche,518419.0,18281.0,76000.0,186000.0,13.158541003522917,9.813672248213765,11.23850177707664,12.133507329024972,-0.10700202178779329,-0.31727927101234904,-0.32171996813394693,0.3940575682149208,1,-0.20039225113864242,0.520932956316184,Brand con presenza media e bilanciata
Mediolanum,Banche,181410.0,9680.0,47800.0,39300.0,12.108520454295459,9.177920480720072,10.774801838762809,10.579005242826247,-0.3642454306835453,-0.46356916334912956,-0.4367569071408256,-0.03981719348500399,3,-0.6651450023794728,0.2949375825717602,Brand con presenza social moderatamente inferiore alla media
Banca popolare di Milano,Banche,11855.0,2109.0,5667.0,1350.0,9.380589347535867,7.6544432264701125,8.64259160081057,7.208600337960199,-1.0325583486087218,-0.8141294525959412,-0.9657260072556207,-0.9805258859428608,3,-1.8934272851348117,-0.09449529093345366,Brand con presenza social moderatamente inferiore alla media
bper banca,Banche,250481.0,4956.0,26400.0,9530.0,12.431142340637845,8.508555998020574,10.181157167204903,9.162304922937626,-0.28520664054924366,-0.6175935217779024,-0.5840311684273257,-0.43523030945897884,3,-0.9653689649679333,-0.016438116522281086,Brand con presenza social moderatamente inferiore alla media
hsbc,Banche,3000000.0,193849.0,76300.0,61300.0,14.914123179965662,12.174839943099075,11.242441323346558,11.023551435004947,0.32309617390659023,0.2260380826075655,-0.32074262630894,0.08425943202007453,1,0.14305737126469886,-0.04508068417902254,Brand con presenza media e bilanciata
Barclays,Banche,625108.0,298042.0,76200.0,30800.0,13.345681313512626,12.604993050379989,11.241129864948206,10.335302435967074,-0.061154717828856814,0.32501862024811684,-0.32106797929546366,-0.10783672088891183,1,-0.08841225261699856,-0.09239641995423666,Brand con presenza media e bilanciata
santander,Banche,7974.0,99229.0,29300.0,20500.0,8.984066927653044,11.505195666908287,10.285376924115587,9.928228944424575,-1.129701951245163,0.07194934219543048,-0.5581758235621904,-0.2214543967385791,3,-0.9271960406165936,0.31584004449317477,Brand con presenza social moderatamente inferiore alla media
credit suisse,Banche,160715.0,363877.0,20900.0,0.0,11.987394111175123,12.804573925603426,9.94755228369823,0.0,-0.39392004365590727,0.3709432503345079,-0.6419850056294313,-2.9925075883737486,4,-1.7442395456127817,-2.443537762698872,"Brand forti su Facebook, Instagram e X ma deboli su YouTube"
ubs,Banche,253638.0,503493.0,171000.0,39200.0,12.443667275210391,13.129327074485838,12.049424683420915,10.576457535657255,-0.28213817025310645,0.4456706921052613,-0.12054226417386796,-0.040528280237888625,1,-3.4912947362095564e-05,-0.01606231715953652,Brand con presenza media e bilanciata
crypto.com,Criptovalute,694058.0,506351.0,1200000.0,105000.0,13.450312250284643,13.134987358589699,13.997832948091215,11.561725152903833,-0.035521296777247545,0.4469731538434548,0.36282834725735114,0.2344682967617917,1,0.5087291225023863,0.04351551853069819,Brand con presenza media e bilanciata
binance,Criptovalute,2400000.0,15404953.0,4800000.0,1220000.0,14.690979711984754,16.550199703964953,15.38412668421143,14.014362236381235,0.2684284948612022,1.2328318362059012,0.7067468488374538,0.919020179694497,0,1.5561216059433525,0.273482206869433,Brand ad alta presenza omnicanale
socios.com,Criptovalute,272882.0,292516.0,340000.0,9820.0,12.516798410875543,12.586278063623286,12.73670383776449,9.192278229157774,-0.2642218517117574,0.32071220139455164,0.04996129562046488,-0.42686450460796943,1,-0.14283901272784122,-0.36121938224974137,Brand con presenza media e bilanciata
okx,Criptovalute,204041.0,5697995.0,663000.0,254000.0,12.226081133988432,15.555625092039042,13.404531777462488,12.445093483000798,-0.33544436577241377,1.0039748823776442,0.21563930335427872,0.48102391551384305,1,0.6750897109371488,0.262954891404802,Brand con presenza media e bilanciata
bitget,Criptovalute,1200000.0,4479232.0,72200.0,1150000.0,13.997832948091215,15.314962384376715,11.187209175200515,13.955273369904273,0.09861521212095407,0.948597102254132,-0.3344448866124448,0.9025279741906099,0,0.7671457411689333,0.5814186748369345,Brand ad alta presenza omnicanale
bybit,Criptovalute,4400000.0,4939038.0,436000.0,81300.0,15.29711532616119,15.412681335826877,12.985399815906522,11.305913595583258,0.4169250092947402,0.9710827572185896,0.11165900507631202,0.1630691140537395,0,0.8304421539520316,-0.2719175581819705,Brand ad alta presenza omnicanale
coinbase,Criptovalute,414245.0,6724199.0,553000.0,122000.0,12.934215279237362,15.721223517268175,13.223115088821102,11.711784520403112,-0.16195934053806105,1.0420799684136821,0.1706325677011364,0.27635114329678706,1,0.6615292596644338,0.017364380168374882,Brand con presenza media e bilanciata
snaitech,Scommesse,0.0,0.0,1992.0,2160.0,0.0,0.0,7.597396320212795,7.6783263565068856,-3.330698878321892,-2.5754579030267473,-1.2250231427730898,-0.8494213566079648,5,-4.00004641595915,1.3637028385871968,Brand con presenza social selettiva su poche piattaforme
sisal,Scommesse,0.0,0.0,66300.0,16100.0,0.0,0.0,11.101960259016467,9.686636660844938,-3.330698878321892,-2.5754579030267473,-0.35559385291838724,-0.28888485913376144,5,-3.2766205560647506,1.6963085371643414,Brand con presenza social selettiva su poche piattaforme
betsson,Scommesse,280000.0,864000.0,0.0,46200.0,12.54254845357358,13.66932920519293,0.0,10.740756721857226,-0.2579133763512248,0.5699280793465109,-3.1098222227071766,0.005329020883089636,3,-1.4948368583357348,0.5270226037833525,Brand con presenza social moderatamente inferiore alla media
betway,Scommesse,252041.0,140409.0,0.0,30000.0,12.437351019272882,11.852321993108689,0.0,10.308985993422082,-0.2836855830251883,0.15182497209310536,-3.1098222227071766,-0.11518186396679549,3,-1.7735591009273133,0.5334158056872433,Brand con presenza social moderatamente inferiore alla media
bet365,Scommesse,0.0,482720.0,0.0,8050.0,0.0,13.087194125985041,0.0,8.993551586299981,-3.330698878321892,0.43597567462334164,-3.1098222227071766,-0.4823308018737347,5,-3.3210186088912828,1.2914463543430805,Brand con presenza social selettiva su poche piattaforme
bwin,Scommesse,0.0,57430.0,0.0,83000.0,0.0,10.958339506208922,0.0,11.326607934898927,-3.330698878321892,-0.05388519411706029,-3.1098222227071766,0.16884508027394546,5,-3.2638423045061353,1.9807443116838799,Brand con presenza social selettiva su poche piattaforme
lottomatica,Scommesse,0.0,0.0,9421000.0,1000.0,0.0,0.0,16.058451904176643,6.90875477931522,-3.330698878321892,-2.5754579030267473,0.8740367335029919,-1.064215333167726,5,-2.983096985882321,0.794892198192747,Brand con presenza social selettiva su poche piattaforme
enel,Energia,1000000.0,26271.0,75300.0,23900.0,13.815511557963774,10.176259012252155,11.229248693912288,10.081675578048475,0.053948490173938615,-0.2338461114270806,-0.3240155180696962,-0.17862613540119646,1,-0.3459617166331862,-0.06070016479823101,Brand con presenza media e bilanciata
eni,Energia,321588.0,65400.0,59600.0,25400.0,12.681029611721879,11.088292827848269,10.995427631436174,10.142543822310387,-0.22398702584683744,-0.0239822376433834,-0.3820229860033746,-0.16163729041430497,1,-0.40219071134599726,0.01820956238153634,Brand con presenza media e bilanciata
Edison,Energia,75060.0,9148.0,14600.0,7510.0,11.226056395275458,9.121399862679535,9.588845298501564,8.924123891686012,-0.5804393546379916,-0.4765748607781036,-0.7309747814906526,-0.501708662298272,3,-1.150926413893153,0.02892357989186661,Brand con presenza social moderatamente inferiore alla media
a2a,Energia,37235.0,6620.0,22500.0,6890.0,10.525031314236381,8.798001694924846,10.021315031649332,8.837971491357209,-0.7521827378513886,-0.5509905141222604,-0.6236855838786184,-0.5257545304218337,3,-1.2279978795728024,0.07133264845447823,Brand con presenza social moderatamente inferiore alla media
hera,Energia,6439.0,7110.0,13300.0,11300.0,8.770283819098399,8.869398159883518,9.495594499353297,9.332646496360152,-1.1820764458675674,-0.5345618045125234,-0.7541088938931039,-0.3876865266410248,3,-1.4392510465601474,0.37382863582645665,Brand con presenza social moderatamente inferiore alla media
Emirates,Aviazione,12000000.0,1695409.0,8600000.0,1890000.0,16.300417291085605,14.343435157452129,15.967272877502799,14.452087916136215,0.6627228822971798,0.7250434753576741,0.8514165965059354,1.0411931421367941,0,1.6317328023985946,0.3294824206838661,Brand ad alta presenza omnicanale
qatar,Aviazione,30000000.0,1895672.0,8000000.0,6360000.0,17.216707972959764,14.455084478568297,15.894952224644102,15.665539092548997,0.8872039543277631,0.7507345831149497,0.8334749367289336,1.3798776924341964,0,1.90458770364457,0.5381347056821573,Brand ad alta presenza omnicanale
etihad,Aviazione,5000000.0,814281.0,2600000.0,343000.0,15.424948670398354,13.610062022335553,14.77102238760702,12.745488641595722,0.44824276328184687,0.5562903826186036,0.5546449489972121,0.5648667607620558,0,1.0605780620406193,0.08869265746255284,Brand ad alta presenza omnicanale
aeroitalia,Aviazione,29399.0,400000.0,19200.0,0.0,10.288749953326773,12.899222326086994,9.862717639992917,0.0,-0.8100690552035915,0.39272235504887576,-0.6630311972012604,-2.9925075883737486,4,-1.9519976985400618,-2.288163842034414,"Brand forti su Facebook, Instagram e X ma deboli su YouTube"
ita airways,Aviazione,93321.0,14971.0,139000.0,9740.0,11.443811157538802,9.61393706902432,11.842236406331555,9.184099060770956,-0.5270918488304912,-0.3632394072691173,-0.17194254100189268,-0.4291473801127633,3,-0.7362394028982542,-0.056828988112366835,Brand con presenza social moderatamente inferiore alla media
turkish Airlines,Aviazione,10000000.0,1758943.0,2800000.0,602000.0,16.118095750958314,14.380224186942302,14.845130332288226,13.308014385419147,0.6180561236018621,0.7335088284065674,0.573030008834005,0.7218724831849078,0,1.3170073766529744,0.1154179708745191,Brand ad alta presenza omnicanale
Singapore Airlines,Aviazione,4300000.0,747268.0,1700000.0,129000.0,15.274125813221904,13.524180506387003,14.346139397261565,11.767575435251748,0.4112928331609434,0.5365285850677104,0.44923790748850634,0.2919228624343053,0,0.8491553974159879,-0.11220498386383418,Brand ad alta presenza omnicanale
dhl,Logistica,1700000.0,101140.0,271000.0,126000.0,14.346139397261565,11.524270861870047,12.509877789891931,11.744045122410057,0.18394643577260328,0.07633864688939909,-0.006310815023265319,0.2853553518677043,1,0.25943441476743545,0.16279915979544526,Brand con presenza media e bilanciata
fedex,Logistica,3100000.0,321302.0,365000.0,127000.0,14.946912992035967,12.68013988212852,12.807655372286902,11.751950239425476,0.3311293148200918,0.34231030937590506,0.06756329785272568,0.28756173730245266,1,0.5066149414063178,0.030888404387485437,Brand con presenza media e bilanciata
ups,Logistica,2000000.0,279764.0,253000.0,59600.0,14.508658238524095,12.541705244039658,12.441148720271016,10.995427631436174,0.22376175249847105,0.31045575648722323,-0.02336145733892082,0.07640983909907986,1,0.29047156502887517,-0.08908151351791636,Brand con presenza media e bilanciata
poste italiane,Logistica,682422.0,83840.0,106000.0,56800.0,13.433404979163718,11.336677426964654,11.571203807011969,10.947309210188068,-0.03966339100718551,0.033172391129568934,-0.23918162822320949,0.06297957822149532,1,-0.10109294863460465,0.10534987352744604,Brand con presenza media e bilanciata
gls,Logistica,0.0,0.0,0.0,0.0,0.0,0.0,0.0,0.0,-3.330698878321892,-2.5754579030267473,-3.1098222227071766,-2.9925075883737486,2,-6.0000816094953375,-0.1691153056607284,Brand con presenza estremamente limitata su tutte le piattaforme
brt,Logistica,0.0,1191.0,0.0,2180.0,0.0,7.083387847625295,0.0,7.687538766201629,-3.330698878321892,-0.9455323588259683,-3.1098222227071766,-0.8468500946608271,5,-4.183852728851937,1.3099306481610469,Brand con presenza social selettiva su poche piattaforme
Samsung,Tecnologia,162000000.0,750410.0,2600000.0,7710000.0,18.903106899369497,13.528376335415325,14.77102238760702,15.85802887524119,1.3003530197502933,0.5374940678366166,0.5546449489972121,1.433603228949539,0,1.880213025960565,0.5320656302531236,Brand ad alta presenza omnicanale
apple,Tecnologia,15000000.0,9939381.0,35600000.0,20600000.0,16.52356082573315,16.112015403661704,17.387856223912145,16.840801682303496,0.7173905776751557,1.1320032779657296,1.2038418316037178,1.707903483194945,0,2.360932409491703,0.7287983364849462,Brand ad alta presenza omnicanale
Microsoft,Tecnologia,13000000.0,13083999.0,4500000.0,2180000.0,16.380459992348886,16.38690066764041,15.319588176962746,14.594835893480763,0.682332457886286,1.1952558518924101,0.6907358216439649,1.0810353174567149,0,1.810499468883219,0.2712728356930794,Brand ad alta presenza omnicanale
google,Tecnologia,34000000.0,31573943.0,15700000.0,13900000.0,17.341871111992198,17.267842781461038,16.5691713340128,16.447399470043365,0.9178675376038097,1.397965358298987,1.000738496960909,1.598101577741106,0,2.4351868992840564,0.5290727383656305,Brand ad alta presenza omnicanale
intel,Tecnologia,35000000.0,4469933.0,1800000.0,567000.0,17.370858648025116,15.312884201380076,14.403297778421795,13.248116346376765,0.924969162986363,0.948118901197715,0.46341803705930457,0.705154430731626,0,1.5116186297138738,-0.04742215734473204,Brand ad alta presenza omnicanale
Logitech,Tecnologia,3500000.0,335527.0,839000.0,152000.0,15.068273812173887,12.723460689437568,13.639967177343745,11.931642378754141,0.36086137206566843,0.3522786595421449,0.27404726397356616,0.3377153426419102,1,0.6596451586894873,0.02365283215449365,Brand con presenza media e bilanciata
razer,Tecnologia,10000000.0,3080422.0,7400000.0,2000000.0,16.118095750958314,14.94057748318214,15.816990693309524,14.508658238524095,0.6180561236018621,0.8624491280154071,0.8141338603474464,1.056982400551589,0,1.6659199736170018,0.33334283829331424,Brand ad alta presenza omnicanale
twitch,Tecnologia,1700000.0,9593615.0,6100000.0,0.0,14.346139397261565,16.076608435227488,15.623799493077952,0.0,0.18394643577260328,1.123855944580196,0.7662060465148213,-2.9925075883737486,4,-0.32903038957272085,-3.1007762232965295,"Brand forti su Facebook, Instagram e X ma deboli su YouTube"
konami,Tecnologia,2600000.0,1406871.0,731000.0,201000.0,14.77102238760702,14.156879358255253,13.502170106720037,12.211065162153215,0.2880380641685438,0.682115985141009,0.23986189559437598,0.41570461948956083,0,0.8069431130867447,0.044986129394199714,Brand ad alta presenza omnicanale
huawei,Tecnologia,58000000.0,10220067.0,2000000.0,2160000.0,17.87595358575207,16.139863796338048,14.508658238524095,14.585619242623203,1.0487118303965066,1.1384113425196598,0.4895563731276651,1.0784628717649412,0,1.8564062895105637,0.1812989263693452,Brand ad alta presenza omnicanale
xiamoi,Tecnologia,16000000.0,4345973.0,295000.0,6280000.0,16.588099342704055,15.28476045726796,12.59473402514672,15.652880697680038,0.7332017997725584,0.941647476801228,0.014740733085312995,1.376344626698207,0,1.4863171105093487,0.6950446104432253,Brand ad alta presenza omnicanale
asus,Tecnologia,26000000.0,988592.0,3400000.0,1320000.0,17.073607134447293,13.804037999109717,15.039286283703994,14.093143052138025,0.8521458332825395,0.6009252955030507,0.6211971628389334,0.9410085758288419,0,1.4947838144706451,0.2425192078567523,Brand ad alta presenza omnicanale
sony,Tecnologia,8500000.0,6139391.0,3200000.0,726000.0,15.955576839107596,15.63023627241894,14.978661680269907,13.495306671216452,0.5782407895826699,1.0211433152518852,0.6061571159652518,0.774147354084085,0,1.4834375802027113,0.09990424774701828,Brand ad alta presenza omnicanale
lg,Tecnologia,45000000.0,350910.0,57700.0,471000.0,17.622173069956816,12.768287909042352,10.96302978336854,13.062615496138552,0.9865384138452539,0.3625936432591286,-0.39006040193589103,0.6533795647428329,0,0.7702872016451493,0.1819398250380574,Brand ad alta presenza omnicanale
lenovo,Tecnologia,6600000.0,713664.0,1300000.0,390000.0,15.702580358511794,13.478168943543674,14.077875591662238,12.873904582205107,0.5162594529745669,0.5259410776178558,0.3826857160978818,0.6007087426577595,0,1.00444048761731,0.13302432516771162,Brand ad alta presenza omnicanale
hp,Tecnologia,4600000.0,1097129.0,1700000.0,280000.0,15.341567078850604,13.908208237249877,14.346139397261565,12.54254845357358,0.4278151965407219,0.6248954261442872,0.44923790748850634,0.5082244271819462,0,1.0023773538600729,0.049214115384177,Brand ad alta presenza omnicanale
nikon,Tecnologia,14000000.0,0.0,205000.0,252000.0,16.454567959008102,0.0,12.230770136157428,12.437188334739655,0.7004880892058593,-2.5754579030267473,-0.07555320107093935,0.47881752135814715,3,-0.7604970554180058,0.797486778037652,Brand con presenza social moderatamente inferiore alla media
canon,Tecnologia,4400000.0,42225.0,129000.0,154000.0,15.29711532616119,10.650791424048029,11.767575435251748,11.944714374881176,0.4169250092947402,-0.12465365773465747,-0.19046479832099794,0.341363848008943,1,0.20281281889850591,0.20647386319055705,Brand con presenza media e bilanciata
pirelli,Pneumatici,2200000.0,131829.0,431000.0,35000.0,14.603968372873895,11.789268492752015,12.973865689268807,10.463131911491967,0.24711168015511883,0.13731602339603954,0.10879756276656043,-0.07215842638934503,1,0.2164273756604142,-0.20955547386767948,Brand con presenza media e bilanciata
Goodyear,Pneumatici,3200000.0,38858.0,274000.0,14600.0,14.978661680269907,10.567694989198365,12.520887034998584,9.588845298501564,0.3389073919208456,-0.14377459318348912,-0.003579587880015953,-0.3161792606078668,1,-0.052187414044942836,-0.3685990737780318,Brand con presenza media e bilanciata
Bridgestone,Pneumatici,496048.0,120154.0,139000.0,18000.0,13.114429991150203,11.696537854947106,11.842236406331555,9.798182590890704,-0.1178087314288076,0.11597820616230971,-0.17194254100189268,-0.25775144075698075,1,-0.21195914224203252,-0.1782011361453582,Brand con presenza media e bilanciata
michelin,Pneumatici,5800000.0,79978.0,405000.0,90100.0,15.573368647930426,11.289519379196863,12.91164481522143,11.408686542313973,0.484604014494189,0.022321071348013855,0.09336150530498187,0.19175391812565096,1,0.39171726323606615,-0.03731887912349144,Brand con presenza media e bilanciata
hankook,Pneumatici,711658.0,0.0,227000.0,233000.0,13.475354143085001,0.0,12.33270970174018,12.358798024384122,-0.029386310301120384,-2.5754579030267473,-0.050263537175418115,0.45693811860465194,3,-1.1211297977193444,1.048893703443106,Brand con presenza social moderatamente inferiore alla media
rolex,Orologeria,8100000.0,896443.0,17500000.0,2530000.0,15.90737474309945,13.706191104934076,16.677711496036597,14.743730255960541,0.5664318097468191,0.5784102002310822,1.0276656689677286,1.1225930011761032,0,1.6417985415811391,0.440818446603997,Brand ad alta presenza omnicanale
richard mille,Orologeria,359591.0,80543.0,2700000.0,2270000.0,12.79272533439109,11.296558897935043,14.80876270134486,14.635290829986122,-0.19662281047063143,0.023940902374785397,0.5640077498320525,1.0923266345232423,0,0.7223280573766332,0.9215285855273083,Brand ad alta presenza omnicanale
omega,Orologeria,2100000.0,303587.0,4600000.0,422000.0,14.557448378884015,12.623426798030751,15.341567078850604,12.952762962683588,0.23571479668977013,0.3292603244746335,0.6961884546658835,0.6227187877660355,0,0.9429237335383466,0.24917693292217236,Brand ad alta presenza omnicanale
tag heuer,Orologeria,3500000.0,435061.0,3400000.0,72300.0,15.068273812173887,12.983243828650199,15.039286283703994,11.18859323930985,0.36086137206566843,0.4120561535413318,0.6211971628389334,0.1303240041741198,1,0.7778596254781682,-0.23537283495929276,Brand con presenza media e bilanciata
hublot,Orologeria,5000000.0,651070.0,6000000.0,49300.0,15.424948670398354,13.386373978223803,15.607270193858982,10.805699643800724,0.44824276328184687,0.5048185636425635,0.7621053774636382,0.023455143088068012,0,0.8932257543128174,-0.41002790848654413,Brand ad alta presenza omnicanale
tissot,Orologeria,1600000.0,112116.0,2000000.0,61400.0,14.285514812209815,11.627298247874727,14.508658238524095,11.02518140064756,0.1690940836609454,0.10004580112316858,0.4895563731276651,0.08471436930259493,1,0.4344158196482295,-0.10290026286879675,Brand con presenza media e bilanciata
tim,Compagnie Telefoniche ,2300000.0,402475.0,159000.0,93200.0,14.648420115681892,12.905390746733783,11.976665770490767,11.442513730229855,0.25800186498026295,0.3941417417316123,-0.13859264964380824,0.20119537415603278,1,0.34628391668333736,0.007650823649747768,Brand con presenza media e bilanciata
Vodafone,Compagnie Telefoniche ,3500000.0,43565.0,37600.0,62000.0,15.068273812173887,10.682032308608301,10.534785924769006,11.034905792929415,0.36086137206566843,-0.11746496259843293,-0.4963012240091587,0.08742852994697452,1,-0.10241843470391039,0.05919970918847726,Brand con presenza media e bilanciata
iliad,Compagnie Telefoniche ,344757.0,28818.0,138000.0,19200.0,12.750598000607486,10.268790170825218,11.835016210489899,9.862717639992917,-0.2069435408202962,-0.21255419543475063,-0.17373376235006582,-0.23973915933316786,1,-0.41382767994890135,-0.04828698765388008,Brand con presenza media e bilanciata
wind 3,Compagnie Telefoniche ,2000000.0,13237.0,76400.0,61700.0,14.508658238524095,9.490846760678869,11.243751064074187,11.03005541721757,0.22376175249847105,-0.3915631475656567,-0.3204176994505345,0.08607474880713833,1,-0.21535891394793524,0.14471807798008718,Brand con presenza media e bilanciata
fastweb,Compagnie Telefoniche ,430166.0,27904.0,29400.0,24900.0,12.971928784365847,10.236561163222534,10.288783966353765,10.122663242288953,-0.15271994933967287,-0.2199702629840472,-0.5573305879307767,-0.1671861294900689,1,-0.5608639050662382,0.06616409438617699,Brand con presenza media e bilanciata
shell,Carburanti,9900000.0,557426.0,487000.0,1580000.0,16.108045416114916,13.231086832038761,13.096021455450709,14.272936037914342,0.6155939028409809,0.46908615823179733,0.1391025601635953,0.991190328270083,0,1.077516312774241,0.49527029548158985,Brand ad alta presenza omnicanale
agip,Carburanti,0.0,0.0,0.0,0.0,0.0,0.0,0.0,0.0,-3.330698878321892,-2.5754579030267473,-3.1098222227071766,-2.9925075883737486,2,-6.0000816094953375,-0.1691153056607284,Brand con presenza estremamente limitata su tutte le piattaforme
tamoil,Carburanti,0.0,0.0,0.0,0.0,0.0,0.0,0.0,0.0,-3.330698878321892,-2.5754579030267473,-3.1098222227071766,-2.9925075883737486,2,-6.0000816094953375,-0.1691153056607284,Brand con presenza estremamente limitata su tutte le piattaforme
esso,Carburanti,0.0,0.0,0.0,0.0,0.0,0.0,0.0,0.0,-3.330698878321892,-2.5754579030267473,-3.1098222227071766,-2.9925075883737486,2,-6.0000816094953375,-0.1691153056607284,Brand con presenza estremamente limitata su tutte le piattaforme
eni,Carburanti,321598.0,65400.0,59700.0,25400.0,12.681060706829378,11.088292827848269,10.997104049659168,10.142543822310387,-0.2239794078897805,-0.0239822376433834,-0.3816070920061275,-0.16163729041430497,1,-0.40196561974757167,0.01813122123724536,Brand con presenza media e bilanciata
repsol,Carburanti,226143.0,55460.0,120000.0,28700.0,12.32892724349058,10.923435350020556,11.695255355062795,10.264687244346277,-0.3102482076405908,-0.061916827707371835,-0.20840631602730095,-0.12754602183413508,1,-0.355992935874689,0.058310056804817004,Brand con presenza media e bilanciata
total,Carburanti,10000000.0,0.0,0.0,0.0,16.118095750958314,0.0,0.0,0.0,0.6180561236018621,-2.5754579030267473,-3.1098222227071766,-2.9925075883737486,2,-4.031267246560516,-1.6576564366093267,Brand con presenza estremamente limitata su tutte le piattaforme
petronas,Carburanti,1100000.0,36995.0,261000.0,349000.0,13.910821646859095,10.51856507767415,12.472279517715116,12.762830066509972,0.07729840669474222,-0.1550796493939137,-0.01563837749587673,0.569706900038167,1,0.2174791831313592,0.5099685913283856,Brand con presenza media e bilanciata
aramco,Carburanti,14000000.0,1393910.0,758000.0,163000.0,16.454567959008102,14.14762402321421,13.538439983884853,12.001511614739405,0.7004880892058593,0.6799862828956927,0.24885990336286545,0.3572164410208717,0,0.9890923316910691,-0.16277298463061843,Brand ad alta presenza omnicanale
Allianz,Assicurazioni,3900000.0,53011.0,152000.0,29800.0,15.176487367510099,10.878273582000569,11.931642378754141,10.30229722897745,0.38737249499930737,-0.07230879280945574,-0.1497622719386114,-0.11704875504738478,1,0.022708192480249488,-0.20358887835385636,Brand con presenza media e bilanciata
generali,Assicurazioni,287247.0,11669.0,27000.0,35000.0,12.56810123311061,9.364776725280601,10.203629181337648,10.463131911491967,-0.2516532282810719,-0.42057253904247976,-0.5784562017181416,-0.07215842638934503,3,-0.6778770718262643,0.2394141855177687,Brand con presenza social moderatamente inferiore alla media
axa,Assicurazioni,3100000.0,82569.0,73600.0,11500.0,14.946912992035967,11.321401697411474,11.206413891581187,9.350189267092581,0.3311293148200918,0.029657363809220058,-0.3296804870419782,-0.3827901900335252,1,-0.17354745204406394,-0.40711878637719756,Brand con presenza media e bilanciata
unipolsai,Assicurazioni,161224.0,27597.0,8271.0,14900.0,11.990556183878578,10.2254985853115,9.02063159674821,9.60918360377546,-0.3931453708535402,-0.22251582150911792,-0.8719400039342103,-0.3105026665187137,3,-0.9160993757292806,0.08912980700596118,Brand con presenza social moderatamente inferiore alla media
Decathlon,E-Commerceretail,1900000.0,166740.0,315000.0,52300.0,14.45736497045232,12.024196989307782,12.660331092405906,10.86477077032911,0.21119546973200978,0.19137433078143876,0.031014373001603045,0.03994239722133371,1,0.2364172108158969,-0.09703374334058605,Brand con presenza media e bilanciata
jd sports,E-Commerceretail,4000000.0,37450.0,2700000.0,632000.0,15.201805169084134,10.530788690858559,14.80876270134486,13.356646255406224,0.3935750760701662,-0.15226693042379877,0.5640077498320525,0.7354460519751957,0,0.762124019466214,0.42986600700029753,Brand ad alta presenza omnicanale
zalando,E-Commerceretail,8700000.0,25004.0,2800000.0,229000.0,15.978833698567334,10.126831083853004,14.845130332288226,12.34148164933907,0.5839384626539578,-0.24521974291920795,0.573030008834005,0.45210497096021834,1,0.683360290999641,0.1312927251956838,Brand con presenza media e bilanciata
amazon,E-Commerceretail,29000000.0,5920723.0,6100000.0,0.0,17.182806422433504,15.59396929667978,15.623799493077952,0.0,0.878898449801549,1.0127980895717772,0.7662060465148213,-2.9925075883737486,4,-0.03826125319688358,-3.33562720244375,"Brand forti su Facebook, Instagram e X ma deboli su YouTube"
Carrefour,E-Commerceretail,12000000.0,193752.0,71500.0,23300.0,16.300417291085605,12.174339430966688,11.177466714598282,10.056251557087757,0.6627228822971798,0.2259229120807909,-0.3368618436863478,-0.1857221960200405,1,0.17813851998782307,-0.4063432700902143,Brand con presenza media e bilanciata
esselunga,E-Commerceretail,871057.0,0.0,280000.0,25000.0,13.677463843743908,0.0,12.54254845357358,10.12667110305036,0.02012832863299322,-2.5754579030267473,0.0017942823354419664,-0.16606750144304322,3,-1.3586194169826007,0.4757567937822394,Brand con presenza social moderatamente inferiore alla media
coop,E-Commerceretail,381191.0,25776.0,95700.0,9120.0,12.851058464183101,10.157237900443238,11.468984026707245,9.118334726180159,-0.18233183952697163,-0.23822297129743847,-0.26454080915165834,-0.44750276557815705,1,-0.5594242348168253,-0.21657622505157037,Brand con presenza media e bilanciata
lidl,E-Commerceretail,2600000.0,30115.0,1100000.0,130000.0,14.77102238760702,10.312811870970013,13.910821646859095,11.775297421715827,0.2880380641685438,-0.2024245660669048,0.3412421598855207,0.29407813457365956,1,0.3604411197413212,0.13619980763040435,Brand con presenza media e bilanciata
Visa,Altro,22000000.0,413252.0,233000.0,85600.0,16.906553056777135,12.931815275185052,12.358798024384122,11.357452244304588,0.8112194338502382,0.40022216748870576,-0.043791419038642115,0.17745398952662098,1,0.6645607023564643,-0.24035020047812475,Brand con presenza media e bilanciata
Caterpillar,Altro,2000000.0,150635.0,1000000.0,92600.0,14.508658238524095,11.922621609606209,13.815511557963774,11.43605521971203,0.22376175249847105,0.16800129098763553,0.31759716885347394,0.19939274890596936,1,0.4576325711500413,-0.008574872050245073,Brand con presenza media e bilanciata
John deere,Altro,6000000.0,231505.0,1500000.0,389000.0,15.607270193858982,12.352361070099128,14.220976332738882,12.871337193291367,0.4929095178940167,0.2668866462831662,0.41818684487295543,0.5999921625624162,0,0.8813637181593855,0.19802093304828855,Brand ad alta presenza omnicanale
Bosch,Altro,1200000.0,241848.0,177000.0,34500.0,13.997832948091215,12.396068843448287,12.083910661257521,10.448743588106625,0.09861521212095407,0.27694403941120377,-0.11198681483866169,-0.07617432989664892,1,0.09310651240422711,-0.15112503977870964,Brand con presenza media e bilanciata
Siemens,Altro,1600000.0,210226.0,316000.0,26100.0,14.285514812209815,12.255943178272208,12.663500657121004,10.169728906753061,0.1690940836609454,0.2447003721178498,0.03180069405252857,-0.15404970199028414,1,0.1523406579173826,-0.2640388571430427,Brand con presenza media e bilanciata
3m,Altro,4600000.0,0.0,0.0,37700.0,15.341567078850604,0.0,0.0,10.537441898283253,0.4278151965407219,-2.5754579030267473,-3.1098222227071766,-0.051417876667836156,5,-2.7576677054467367,0.9870161718215716,Brand con presenza social selettiva su poche piattaforme
Alibaba,Altro,26000000.0,262636.0,13800000.0,0.0,17.073607134447293,12.478528129630797,16.440179222591198,0.0,0.8521458332825395,0.29591836353359313,0.9687375057424619,-2.9925075883737486,4,-0.303558334665054,-3.1872256043231992,"Brand forti su Facebook, Instagram e X ma deboli su YouTube"
