club,league,facebook,x,instagram,youtube
Real Madrid,Europe,132000000.0,48892183.0,180000000.0,19000000.0
Barcelona,Europe,123000000.0,46132210.0,146000000.0,25100000.0
Manchester United,Europe,85000000.0,37785441.0,65300000.0,10600000.0
Bayern Monaco,Europe,64000000.0,6494125.0,44100000.0,5120000.0
Chelsea,Europe,57000000.0,25235021.0,44500000.0,6240000.0
Juventus,Europe,46000000.0,9430488.0,60000000.0,12900000.0
Manchester City,Europe,56000000.0,17645421.0,56300000.0,9010000.0
Arsenal,Europe,47000000.0,21411952.0,31700000.0,5180000.0
PSG,Europe,54000000.0,14613125.0,65700000.0,9930000.0
Liverpool,Europe,53000000.0,24108365.0,49000000.0,12000000.0
Milan,Europe,29000000.0,7920765.0,18200000.0,2190000.0
Borussia Dortmund,Europe,16000000.0,4062923.0,20800000.0,1570000.0
Atlético Madrid,Europe,23000000.0,5125827.0,17900000.0,8310000.0
Inter,Europe,34000000.0,2886796.0,14300000.0,4010000.0
Tottenham,Europe,37000000.0,8700983.0,17400000.0,4900000.0
Roma,Europe,10000000.0,2192888.0,7300000.0,4830000.0
Leicester,Europe,9800000.0,2648335.0,7700000.0,707000.0
AS Monaco,Europe,11000000.0,2028848.0,2900000.0,300000.0
Olympique Marsiglia,Europe,7400000.0,3842411.0,3800000.0,890000.0
Napoli,Europe,5500000.0,2009950.0,5300000.0,339000.0
Arsenal,Premier League,47000000.0,21411952.0,31700000.0,5180000.0
Aston Villa,Premier League,7100000.0,2368453.0,4400000.0,757000.0
Bournemouth,Premier League,1200000.0,736301.0,1100000.0,242000.0
Brentford,Premier League,1500000.0,396408.0,875000.0,280000.0
Brighton & Hove Albion,Premier League,2200000.0,1049442.0,2100000.0,795000.0
Burnley,Premier League,1100000.0,810011.0,833000.0,191000.0
Chelsea,Premier League,57000000.0,25235021.0,44500000.0,6240000.0
Crystal Palace,Premier League,2500000.0,1498124.0,2300000.0,387000.0
Everton,Premier League,4900000.0,2929653.0,3300000.0,952000.0
Fulham,Premier League,1800000.0,784862.0,1300000.0,343000.0
Leeds United,Premier League,1700000.0,1064588.0,1300000.0,508000.0
Liverpool,Premier League,53000000.0,24108365.0,49000000.0,12000000.0
Manchester City,Premier League,56000000.0,17645421.0,56300000.0,9010000.0
Manchester United,Premier League,85000000.0,37785441.0,65300000.0,10600000.0
Newcastle United,Premier League,5000000.0,2761975.0,3500000.0,913000.0
Nottingham Forest,Premier League,1400000.0,706325.0,1300000.0,285000.0
Sunderland,Premier League,2600000.0,1041204.0,1200000.0,178000.0
Tottenham Hotspur,Premier League,37000000.0,8700983.0,17400000.0,4900000.0
West Ham United,Premier League,4500000.0,2629843.0,4400000.0,759000.0
Wolverhampton Wanderers,Premier League,3600000.0,1292300.0,3000000.0,805000.0
Birmingham City,Championship,516004.0,450467.0,321000.0,79500.0
Blackburn Rovers,Championship,348948.0,297456.0,205000.0,42900.0
Bristol City,Championship,238804.0,215058.0,182000.0,47200.0
Charlton Athletic,Championship,237559.0,189815.0,127000.0,27800.0
Coventry City,Championship,435540.0,203927.0,234000.0,46600.0
Derby County,Championship,608936.0,395450.0,450000.0,81100.0
Hull City,Championship,1100000.0,543069.0,585000.0,88900.0
Ipswich Town,Championship,421937.0,284297.0,607000.0,134000.0
Leicester City,Championship,9800000.0,2648335.0,7700000.0,707000.0
Middlesbrough,Championship,524904.0,386960.0,171000.0,51300.0
Millwall,Championship,221080.0,171970.0,177000.0,28900.0
Norwich City,Championship,1100000.0,828750.0,528000.0,222000.0
Oxford United,Championship,85471.0,105613.0,363000.0,60400.0
Portsmouth,Championship,306315.0,178800.0,191000.0,52500.0
Preston North End,Championship,158336.0,135328.0,103000.0,24200.0
Queens Park Rangers,Championship,804765.0,450617.0,232000.0,57000.0
Sheffield United,Championship,1500000.0,564131.0,742000.0,304000.0
Sheffield Wednesday,Championship,389000.0,363245.0,155000.0,70800.0
Southampton,Championship,3400000.0,1536846.0,1400000.0,342000.0
Stoke City,Championship,1200000.0,1010733.0,447000.0,59500.0
Swansea City,Championship,1300000.0,964574.0,471000.0,70500.0
Watford,Championship,1900000.0,873937.0,1100000.0,199000.0
West Bromwich Albion,Championship,883285.0,1081832.0,430000.0,52500.0
Wrexham,Championship,492460.0,591741.0,1500000.0,163000.0
Angers,Ligue 1,421070.0,168157.0,190000.0,7140.0
Auxerre,Ligue 1,252263.0,118386.0,168000.0,15900.0
Brest,Ligue 1,900485.0,156703.0,395000.0,32000.0
Le Havre,Ligue 1,153375.0,99962.0,178000.0,19400.0
Lens,Ligue 1,1200000.0,370482.0,490000.0,135000.0
Lille,Ligue 1,2200000.0,801811.0,1100000.0,150000.0
Lorient,Ligue 1,414699.0,280102.0,191000.0,7780.0
Olympique Lyonnais,Ligue 1,5200000.0,2098953.0,2900000.0,292000.0
Olympique de Marseille,Ligue 1,7400000.0,3842411.0,3800000.0,890000.0
Metz,Ligue 1,336839.0,194166.0,280000.0,6730.0
AS Monaco,Ligue 1,11000000.0,2028848.0,2900000.0,300000.0
Nantes,Ligue 1,978901.0,578322.0,610000.0,85700.0
OGC Nice,Ligue 1,1400000.0,526006.0,819000.0,138000.0
Paris FC,Ligue 1,409559.0,74158.0,350000.0,19900.0
PSG,Ligue 1,54000000.0,14613125.0,65700000.0,9930000.0
Rennes,Ligue 1,840223.0,431626.0,697000.0,70600.0
Racing Club de Strasbourg,Ligue 1,379119.0,231500.0,626000.0,59000.0
Toulouse,Ligue 1,467717.0,414866.0,456000.0,40600.0
Amiens,Ligue 2,135141.0,76480.0,78100.0,3760.0
Annecy,Ligue 2,46974.0,18146.0,55400.0,6720.0
Bastia,Ligue 2,312227.0,234280.0,95800.0,8910.0
Clermont,Ligue 2,166606.0,102859.0,125000.0,20600.0
Dunkerque,Ligue 2,64105.0,22593.0,63200.0,2900.0
Grenoble,Ligue 2,61357.0,32354.0,62300.0,1410.0
Guingamp,Ligue 2,297934.0,242055.0,91300.0,1290.0
Laval,Ligue 2,70897.0,54210.0,47300.0,2030.0
Le Mans,Ligue 2,58415.0,28471.0,67700.0,2770.0
Montpellier,Ligue 2,502816.0,349307.0,364000.0,31800.0
Nancy,Ligue 2,157478.0,96054.0,58700.0,6340.0
Pau,Ligue 2,251963.0,17659.0,58700.0,5320.0
Red Star,Ligue 2,164418.0,,138000.0,6410.0
Reims,Ligue 2,410680.0,248843.0,262000.0,15500.0
Rodez,Ligue 2,57240.0,15790.0,66800.0,2610.0
Saint-Étienne,Ligue 2,1000000.0,782681.0,453000.0,91800.0
Troyes,Ligue 2,167968.0,108767.0,113000.0,10900.0
FC Heidenheim 1846,Bundesliga,72636.0,40722.0,98800.0,10900.0
FSV Mainz 05,Bundesliga,449611.0,191141.0,341000.0,32100.0
FC Köln,Bundesliga,821503.0,573780.0,664000.0,122000.0
Augsburg,Bundesliga,468311.0,191528.0,290000.0,29700.0
Bayern Munich,Bundesliga,64000000.0,6494125.0,44100000.0,5120000.0
Borussia Dortmund,Bundesliga,16000000.0,4062923.0,20800000.0,1570000.0
Borussia Mönchengladbach,Bundesliga,1400000.0,486760.0,1200000.0,487000.0
Eintracht Frankfurt,Bundesliga,925667.0,604412.0,1300000.0,181000.0
FC St. Pauli,Bundesliga,565243.0,219970.0,460000.0,45200.0
FC Union Berlin,Bundesliga,309160.0,192391.0,343000.0,57200.0
Hamburger SV,Bundesliga,816452.0,648437.0,728000.0,163000.0
RB Leipzig,Bundesliga,1400000.0,278845.0,2200000.0,225000.0
SC Freiburg,Bundesliga,393528.0,275132.0,619000.0,24300.0
SV Werder Bremen,Bundesliga,1100000.0,476903.0,582000.0,167000.0
TSG Hoffenheim,Bundesliga,427621.0,194031.0,523000.0,39400.0
VfB Stuttgart,Bundesliga,630221.0,502745.0,725000.0,92700.0
VfL Wolfsburg,Bundesliga,2700000.0,268201.0,936000.0,100000.0
Hertha BSC,2. Bundesliga,388087.0,334009.0,403000.0,129000.0
Arminia Bielefeld,2. Bundesliga,127223.0,85766.0,198000.0,34000.0
VfL Bochum,2. Bundesliga,161325.0,109031.0,168000.0,31900.0
Eintracht Braunschweig,2. Bundesliga,142564.0,102685.0,117000.0,181000.0
SV Darmstadt 98,2. Bundesliga,148774.0,95716.0,113000.0,17800.0
Dynamo Dresden,2. Bundesliga,235176.0,104972.0,206000.0,65400.0
Fortuna Düsseldorf,2. Bundesliga,229192.0,106824.0,195000.0,36600.0
SV Elversberg,2. Bundesliga,37275.0,6090.0,46400.0,4700.0
Greuther Fürth,2. Bundesliga,70400.0,47179.0,53500.0,9170.0
Hannover 96,2. Bundesliga,330553.0,280012.0,239000.0,54200.0
FC Kaiserslautern,2. Bundesliga,225953.0,152794.0,227000.0,52400.0
Karlsruher SC,2. Bundesliga,129449.0,76063.0,146000.0,24600.0
Holstein Kiel,2. Bundesliga,102490.0,39192.0,132000.0,17200.0
FC Magdeburg,2. Bundesliga,133089.0,20915.0,109000.0,24900.0
Preußen Münster,2. Bundesliga,56300.0,27703.0,88500.0,10300.0
FC Nürnberg,2. Bundesliga,326047.0,253657.0,257000.0,63000.0
SC Paderborn,2. Bundesliga,101755.0,,95600.0,15500.0
Schalke 04,2. Bundesliga,2900000.0,706805.0,1300000.0,247000.0
Atalanta,Serie A,845007.0,468016.0,1100000.0,134000.0
Bologna,Serie A,1000000.0,189071.0,624000.0,85900.0
Cagliari,Serie A,501125.0,363849.0,548000.0,73400.0
Como,Serie A,328256.0,62075.0,1200000.0,426000.0
Cremonese,Serie A,92457.0,35760.0,218000.0,9420.0
Fiorentina,Serie A,2300000.0,666439.0,1400000.0,108000.0
Genoa,Serie A,505403.0,360711.0,485000.0,56500.0
Hellas Verona,Serie A,325688.0,242317.0,333000.0,30700.0
Inter,Serie A,35000000.0,2886796.0,14300000.0,4010000.0
Juventus,Serie A,46000000.0,9430488.0,60000000.0,12900000.0
Lazio,Serie A,1100000.0,322461.0,1200000.0,135000.0
Lecce,Serie A,168072.0,32805.0,254000.0,18700.0
Milan,Serie A,29000000.0,7920765.0,18200000.0,2190000.0
Napoli,Serie A,5500000.0,2009950.0,5300000.0,339000.0
Parma,Serie A,381449.0,73385.0,729000.0,34500.0
Pisa,Serie A,58517.0,17171.0,123000.0,10000.0
Roma,Serie A,10000000.0,2192888.0,7300000.0,4830000.0
Sassuolo,Serie A,356470.0,279630.0,509000.0,36100.0
Torino,Serie A,535281.0,411969.0,499000.0,52400.0
Udinese,Serie A,471249.0,283210.0,425000.0,588000.0
Bari,Serie B,88132.0,24120.0,165000.0,26200.0
Empoli,Serie B,165555.0,151332.0,232000.0,13400.0
Carrarese,Serie B,10524.0,8295.0,29300.0,1090.0
Catanzaro,Serie B,54671.0,7724.0,80100.0,12000.0
Cesena,Serie B,30687.0,4203.0,55500.0,4790.0
Avellino,Serie B,27030.0,4115.0,53400.0,2580.0
Pescara,Serie B,144440.0,79803.0,107000.0,13400.0
Virtus Entella,Serie B,38507.0,18523.0,59800.0,3880.0
Frosinone,Serie B,79796.0,51580.0,114000.0,8130.0
Juve Stabia,Serie B,49804.0,8812.0,64700.0,5100.0
Mantova,Serie B,18897.0,1169.0,32300.0,2060.0
Modena,Serie B,19473.0,1937.0,56700.0,7970.0
Monza,Serie B,103181.0,35571.0,313000.0,17600.0
Padova,Serie B,72292.0,13482.0,72400.0,9060.0
Palermo,Serie B,136158.0,26710.0,340000.0,53500.0
Reggiana,Serie B,28668.0,6983.0,53600.0,3270.0
Sampdoria,Serie B,390447.0,341189.0,374000.0,64600.0
Spezia,Serie B,88639.0,45254.0,139000.0,10500.0
Venezia,Serie B,175173.0,37229.0,448000.0,20900.0
Südtirol,Serie B,40249.0,9077.0,59000.0,1500.0
Alavés,Laliga,2400000.0,243405.0,236000.0,479000.0
Athletic Bilbao,Laliga,4300000.0,984531.0,1600000.0,746000.0
Atlético Madrid,Laliga,23000000.0,5125827.0,17900000.0,8310000.0
Barcelona,Laliga,123000000.0,46132210.0,146000000.0,25100000.0
Celta de Vigo,Laliga,3800000.0,514342.0,648000.0,537000.0
Elche,Laliga,1400000.0,261377.0,380000.0,301000.0
Espanyol,Laliga,2200000.0,507249.0,545000.0,927000.0
Getafe,Laliga,2500000.0,220380.0,548000.0,32000.0
Girona,Laliga,2800000.0,384897.0,1000000.0,349000.0
Levante,Laliga,519819.0,416467.0,369000.0,150000.0
Mallorca,Laliga,3000000.0,352139.0,466000.0,544000.0
Osasuna,Laliga,2400000.0,290299.0,387000.0,786000.0
Rayo Vallecano,Laliga,465724.0,433822.0,358000.0,27500.0
Real Betis,Laliga,7600000.0,1039600.0,2900000.0,1750000.0
Real Madrid,Laliga,132000000.0,48892183.0,180000000.0,19000000.0
Real Oviedo,Laliga,662710.0,339518.0,361000.0,368000.0
Real Sociedad,Laliga,3200000.0,699934.0,1100000.0,1600000.0
Sevilla,Laliga,8700000.0,1090151.0,3700000.0,692000.0
Valencia,Laliga,5700000.0,1268744.0,1400000.0,693000.0
Villarreal,Laliga,2500000.0,628949.0,1700000.0,82000.0
Albacete,Segunda División,205381.0,197025.0,200000.0,372000.0
Alcorcón,Segunda División,31453.0,95026.0,74100.0,5390.0
Burgos,Segunda División,155756.0,48688.0,88200.0,346000.0
Cádiz,Segunda División,4600000.0,251713.0,531000.0,1330000.0
Cartagena,Segunda División,150627.0,79241.0,73200.0,11100.0
Castellón,Segunda División,37152.0,56612.0,78200.0,6460.0
Córdoba,Segunda División,70803.0,261723.0,137000.0,16400.0
Eibar,Segunda División,234074.0,241648.0,207000.0,274000.0
Eldense,Segunda División,19230.0,22827.0,40000.0,351000.0
Huesca,Segunda División,172611.0,156714.0,158000.0,224000.0
Las Palmas,Segunda División,2900000.0,294335.0,335000.0,1260000.0
Leganés,Segunda División,857816.0,266544.0,393000.0,674000.0
Málaga,Segunda División,1000000.0,611059.0,357000.0,334000.0
Mirandés,Segunda División,222725.0,79450.0,94200.0,352000.0
Racing Ferrol,Segunda División,13403.0,29700.0,37000.0,197000.0
Racing Santander,Segunda División,129085.0,103410.0,162000.0,289000.0
Real Sporting,Segunda División,431030.0,251575.0,191000.0,276000.0
Real Zaragoza,Segunda División,338734.0,317904.0,258000.0,342000.0
Tenerife,Segunda División,130204.0,170826.0,137000.0,194000.0
Valladolid,Segunda División,1500000.0,384003.0,627000.0,360000.0
FC Arouca,Liga Portugal,3921.0,15195.0,35800.0,266000.0
FC Alverca,Liga Portugal,20231.0,2775.0,62100.0,10100.0
AVS Futebol SAD,Liga Portugal,172363.0,48605.0,93900.0,5060.0
SL Benfica,Liga Portugal,4100000.0,1844323.0,3400000.0,407000.0
SC Braga,Liga Portugal,523698.0,177669.0,406000.0,29200.0
Casa Pia AC,Liga Portugal,34046.0,3122.0,63100.0,1720.0
GD Estoril Praia,Liga Portugal,57168.0,13794.0,15300.0,944000.0
CF Estrela da Amadora,Liga Portugal,143508.0,3676.0,116000.0,3760.0
FC Famalicão,Liga Portugal,119029.0,13442.0,133000.0,4020.0
Gil Vicente FC,Liga Portugal,128019.0,11389.0,70700.0,2560.0
Moreirense FC,Liga Portugal,47524.0,14274.0,44900.0,705000.0
CD Nacional,Liga Portugal,54786.0,16118.0,448000.0,4450.0
FC Porto,Liga Portugal,4500000.0,1513617.0,2900000.0,241000.0
Rio Ave FC,Liga Portugal,153391.0,40832.0,94500.0,5540.0
CD Santa Clara,Liga Portugal,73758.0,8892.0,80100.0,3200.0
Sporting CP,Liga Portugal,3200000.0,913514.0,2800000.0,404000.0
CD Tondela,Liga Portugal,91412.0,27881.0,62400.0,5860.0
Vitória SC,Liga Portugal,272178.0,57630.0,194000.0,21500.0
Académico de Viseu FC,Segunda Liga,46631.0,,36100.0,1530.0
Benfica B,Segunda Liga,,,,
GD Chaves,Segunda Liga,84672.0,2846.0,47000.0,1390.0
SC Farense,Segunda Liga,66136.0,5191.0,54300.0,4440.0
CD Feirense,Segunda Liga,38935.0,7311.0,36400.0,876000.0
FC Felgueiras,Segunda Liga,24531.0,125000.0,20400.0,
Leixões SC,Segunda Liga,59821.0,10226.0,79500.0,
Lusitânia Lourosa,Segunda Liga,29552.0,30000.0,26600.0,8460.0
CS Marítimo,Segunda Liga,142391.0,19569.0,61500.0,6350.0
UD Oliveirense,Segunda Liga,19037.0,1681.0,14100.0,
FC Paços de Ferreira,Segunda Liga,108923.0,29832.0,61100.0,5740.0
FC Penafiel,Segunda Liga,34994.0,4130.0,38200.0,540000.0
Portimonense SC,Segunda Liga,135549.0,9153.0,116000.0,4320.0
FC Porto B,Segunda Liga,,,,
Sporting CP B,Segunda Liga,,,,
União Leiria,Segunda Liga,51908.0,6954.0,43800.0,3010.0
SC União Torreense,Segunda Liga,37762.0,2574.0,38600.0,6190.0
FC Vizela,Segunda Liga,36287.0,3892.0,48200.0,2110.0
Union Saint-Gilloise,Pro League,218233.0,56367.0,257000.0,15800.0
Club Brugge,Pro League,541894.0,219609.0,577000.0,64000.0
RSC Anderlecht,Pro League,1100000.0,219238.0,479000.0,70500.0
KAA Gent,Pro League,181080.0,90152.0,132000.0,28500.0
Royal Antwerp,Pro League,330890.0,47660.0,183000.0,25200.0
Cercle Brugge,Pro League,71686.0,27496.0,169000.0,5510.0
Sporting Charleroi,Pro League,164232.0,28125.0,87700.0,12600.0
KV Mechelen,Pro League,75583.0,37606.0,94400.0,9570.0
Sint-Truidense,Pro League,64273.0,20924.0,37500.0,9830.0
Standard Liegi,Pro League,475350.0,140119.0,174000.0,47900.0
KVC Westerlo,Pro League,28703.0,16396.0,45300.0,4330.0
Zulte Waregem,Pro League,53164.0,36813.0,54500.0,3580.0
RAAL La Louvière,Pro League,54631.0,3213.0,31800.0,2170.0
KRC Genk,Pro League,214213.0,75998.0,303000.0,57700.0
OH Leuven,Pro League,64619.0,27690.0,47000.0,19400.0
FC Dender,Pro League,10835.0,3337.0,72900.0,1960.0
Ajax,Eredivise,5000000.0,1809703.0,8700000.0,1340000.0
AZ,Eredivise,168855.0,91663.0,257000.0,50000.0
Excelsior,Eredivise,25139.0,25995.0,59200.0,3800.0
FC Groningen,Eredivise,145696.0,88366.0,273000.0,29800.0
FC Twente,Eredivise,260888.0,142419.0,402000.0,69300.0
FC Utrecht,Eredivise,240951.0,89047.0,419000.0,62300.0
FC Volendam,Eredivise,28648.0,18418.0,73800.0,4210.0
Feyenoord,Eredivise,1100000.0,613519.0,1300000.0,227000.0
Fortuna Sittard,Eredivise,32232.0,27665.0,118000.0,5680.0
Go Ahead Eagles,Eredivise,49656.0,37436.0,107000.0,12100.0
Heracles Almelo,Eredivise,39442.0,33858.0,50600.0,10300.0
NAC Breda,Eredivise,73176.0,54966.0,95600.0,11000.0
NEC,Eredivise,64478.0,57020.0,227000.0,23600.0
PEC Zwolle,Eredivise,49442.0,69176.0,163000.0,14200.0
PSV,Eredivise,1300000.0,498739.0,1400000.0,299000.0
SC Heerenveen,Eredivise,316359.0,86343.0,351000.0,67100.0
Sparta Rotterdam,Eredivise,68163.0,38912.0,91400.0,10300.0
Telstar,Eredivise,18832.0,16227.0,32200.0,1360.0
Dynamo Kyiv,Premjer-Liha,222978.0,50041.0,395000.0,415000.0
Shakhtar Donetsk,Premjer-Liha,1900000.0,66349.0,1000000.0,282000.0
Polissya Zhytomyr,Premjer-Liha,34087.0,1687.0,55000.0,44700.0
Kryvbas Kryvyi Rih,Premjer-Liha,2336.0,,37000.0,35200.0
Kolos Kovalivka,Premjer-Liha,9355.0,,30900.0,13500.0
Metalist 1925 Kharkiv,Premjer-Liha,17464.0,,37200.0,29300.0
Zorya Luhansk,Premjer-Liha,13823.0,2548.0,65300.0,15700.0
Karpaty Lviv,Premjer-Liha,69945.0,1686.0,44100.0,28600.0
Rukh Lviv,Premjer-Liha,15259.0,,45600.0,49000.0
Veres Rivne,Premjer-Liha,21807.0,1061.0,43000.0,43500.0
Obolon Kyiv,Premjer-Liha,5319.0,,15100.0,9730.0
LNZ Cherkasy,Premjer-Liha,9183.0,50000.0,25200.0,12700.0
Epitsentr Kamianets-Podilskyi,Premjer-Liha,7018.0,,10700.0,976000.0
SC Poltava,Premjer-Liha,2405.0,,5234.0,1610.0
Oleksandriya,Premjer-Liha,11563.0,1663.0,26600.0,13500.0
Kudrivka,Premjer-Liha,4038.0,,9236.0,2190.0
