brand,league,facebook,x,instagram,youtube
Adidas,Europe,43000000.0,4120476.0,29400000.0,2190000.0
Nike,Europe,39000000.0,9598061.0,298000000.0,2210000.0
Puma,Europe,22000000.0,1857326.0,13000000.0,904000.0
New Balance,Europe,9500000.0,311388.0,8700000.0,194000.0
Umbro,Europe,758200.0,165670.0,863000.0,16500.0
Macron,Europe,195000.0,47036.0,184000.0,2470.0
Kappa,Europe,1100000.0,3723.0,933000.0,4630.0
Joma,Europe,531000.0,44770.0,231000.0,8300.0
Under Armour,Europe,11000000.0,913086.0,8200000.0,304000.0
Le Coq Sportif,Europe,1600000.0,75817.0,383000.0,7430.0
Jako,Europe,142027.0,,,1030.0
Errea,Europe,329511.0,19137.0,80700.0,1330.0
Luke Sport,Europe,1703.0,2862.0,,812000.0
Hummel,Europe,2000000.0,51273.0,198000.0,4250.0
Kelme,Europe,61247.0,320000.0,109000.0,35000.0
Lotto,Europe,1100000.0,11521.0,399000.0,2020.0
Uhlsport,Europe,30244.0,,193000.0,13300.0
Lacatoni,Europe,33163.0,871000.0,8928.0,76000.0
Acerbis,Europe,10717.0,2346.0,6737.0,4430.0
Legea,Europe,35200.0,1309.0,24000.0,95000.0
Craft,Europe,44460.0,6471.0,216000.0,
Elev8,Europe,40875.0,,289000.0,
Givova,Europe,49900.0,2138.0,49600.0,498000.0
Adidas,Premier League,41000000.0,760135.0,1500000.0,2200000.0
Umbro,Premier League,758035.0,165630.0,863000.0,16500.0
Joma,Premier League,,11517.0,5697.0,8300.0
Nike,Premier League,39000000.0,9596897.0,298000000.0,2210000.0
Castore,Premier League,87928.0,5611.0,255000.0,1640.0
Macron,Premier League,195112.0,47019.0,184000.0,2470.0
Puma,Premier League,22000000.0,1857214.0,160000.0,904000.0
Hummel,Premier League,2000000.0,51257.0,198000.0,4250.0
SUDU,Premier League,,20000.0,6413.0,72000.0
Adidas,Championship,41000000.0,760135.0,1500000.0,2200000.0
Nike,Championship,39000000.0,9596897.0,298000000.0,2210000.0
Macron,Championship,195112.0,47019.0,184000.0,2470.0
O’Neills,Championship,2230.0,4692.0,168000.0,2060.0
Reebok,Championship,10000000.0,644474.0,4300000.0,168000.0
Hummel,Championship,2000000.0,51257.0,198000.0,4250.0
Puma,Championship,22000000.0,1857214.0,160000.0,904000.0
Kappa,Championship,1100000.0,10670.0,3526.0,
Umbro,Championship,758035.0,165630.0,863000.0,16500.0
Castore,Championship,87928.0,5611.0,255000.0,1640.0
Erreà,Championship,329501.0,19135.0,80700.0,1330.0
Joma,Championship,,11517.0,5697.0,8300.0
Kelme,Championship,61254.0,2762.0,1488.0,35000.0
Adidas,Ligue 1,41000000.0,399655.0,622000.0,2200000.0
Nike,Ligue 1,39000000.0,9596940.0,298000000.0,2210000.0
Puma,Ligue 1,22000000.0,1857273.0,217000.0,904000.0
Macron,Ligue 1,195112.0,47020.0,42700.0,2470.0
Kappa,Ligue 1,1100000.0,25834.0,933000.0,
Mizuno,Ligue 1,2200000.0,5548.0,27100.0,9580.0
New Balance,Ligue 1,9500000.0,10713.0,8700000.0,194000.0
Joma,Ligue 1,,,232000.0,8300.0
Umbro,Ligue 1,758043.0,12797.0,36700.0,427000.0
Adidas,Ligue 2,41000000.0,399655.0,622000.0,2200000.0
Puma,Ligue 2,22000000.0,1857273.0,217000.0,904000.0
Nike,Ligue 2,39000000.0,9596940.0,298000000.0,2210000.0
Kappa,Ligue 2,1100000.0,25834.0,933000.0,
Hummel,Ligue 2,2000000.0,5662.0,18100.0,4250.0
Joma,Ligue 2,,1769.0,232000.0,8300.0
Jako,Ligue 2,670000.0,,3998.0,1030.0
Kipsta (Decathlon),Ligue 2,1000000.0,166727.0,581000.0,52300.0
Adidas,Bundesliga,41000000.0,4120131.0,29400000.0,2200000.0
Nike,Bundesliga,37000000.0,9596426.0,298000000.0,2210000.0
Puma,Bundesliga,22000000.0,1857175.0,13000000.0,904000.0
JAKO,Bundesliga,142027.0,,,1030.0
Hummel,Bundesliga,2000000.0,51250.0,198000.0,4250.0
Castore,Bundesliga,87938.0,5612.0,255000.0,1640.0
New Balance,Bundesliga,9500000.0,311359.0,8700000.0,194000.0
Uhlsport,Bundesliga,30248.0,,43600.0,13300.0
Adidas,2. Bundesliga,41000000.0,4120131.0,29400000.0,2200000.0
Nike,2. Bundesliga,37000000.0,9596426.0,298000000.0,2210000.0
Puma,2. Bundesliga,22000000.0,1857175.0,13000000.0,904000.0
JAKO,2. Bundesliga,142027.0,,,1030.0
Hummel,2. Bundesliga,2000000.0,51250.0,198000.0,4250.0
Umbro,2. Bundesliga,757982.0,165622.0,863000.0,16500.0
Macron,2. Bundesliga,195124.0,47013.0,185000.0,2480.0
Kappa,2. Bundesliga,1100000.0,,933000.0,4640.0
Erreà,2. Bundesliga,329477.0,19135.0,80700.0,1330.0
New Balance,2. Bundesliga,87938.0,5612.0,255000.0,1640.0
Castore,2. Bundesliga,9500000.0,311359.0,8700000.0,194000.0
Uhlsport,2. Bundesliga,30248.0,,43600.0,13300.0
Adidas,Serie A,41000000.0,4119577.0,575000.0,2200000.0
Nike,Serie A,39000000.0,9595388.0,298000000.0,2210000.0
Puma,Serie A,22000000.0,1856882.0,53500.0,904000.0
Kappa,Serie A,1100000.0,3723.0,933000.0,4630.0
Macron,Serie A,195124.0,47013.0,185000.0,2470.0
Joma,Serie A,531340.0,1940.0,15700.0,8300.0
Erreà,Serie A,329477.0,19135.0,80700.0,1330.0
New Balance,Serie A,9700000.0,311353.0,8700000.0,194000.0
Castore,Serie A,87938.0,5618.0,256000.0,1640.0
Legea,Serie A,35313.0,1309.0,24000.0,95000.0
Adidas,Serie B,41000000.0,4119577.0,575000.0,2200000.0
Nike,Serie B,39000000.0,9595388.0,298000000.0,2210000.0
Puma,Serie B,22000000.0,1856882.0,53500.0,904000.0
Kappa,Serie B,1100000.0,3723.0,933000.0,4630.0
Macron,Serie B,195124.0,47013.0,185000.0,2470.0
Erreà,Serie B,329477.0,19135.0,80700.0,1330.0
Joma,Serie B,531340.0,1940.0,15700.0,8300.0
Givova,Serie B,49953.0,2138.0,49700.0,498000.0
Legea,Serie B,35313.0,1309.0,24000.0,95000.0
Zeus,Serie B,14055.0,515000.0,11500.0,40000.0
Uhlsport,Serie B,30244.0,,193000.0,13300.0
Adidas,Laliga,42000000.0,758808.0,1500000.0,2200000.0
Nike,Laliga,39000000.0,9595423.0,298000000.0,2210000.0
Puma,Laliga,22000000.0,1856971.0,13000000.0,904000.0
New Balance,Laliga,9700000.0,21470.0,8700000.0,194000.0
Joma,Laliga,534160.0,44760.0,232000.0,8300.0
Castore,Laliga,87969.0,5622.0,256000.0,1630.0
Hummel,Laliga,2000000.0,42696.0,199000.0,4250.0
Macron,Laliga,195166.0,47013.0,185000.0,2470.0
Kelme,Laliga,61250.0,322000.0,109000.0,35000.0
Adidas,Segunda División,42000000.0,758808.0,1500000.0,2200000.0
Nike,Segunda División,39000000.0,9595423.0,298000000.0,2210000.0
Puma,Segunda División,22000000.0,1856971.0,13000000.0,904000.0
Joma,Segunda División,534160.0,44760.0,232000.0,8300.0
Kappa,Segunda División,1100000.0,24061.0,933000.0,4650.0
Macron,Segunda División,195166.0,47013.0,185000.0,2470.0
Hummel,Segunda División,2000000.0,42696.0,199000.0,4250.0
Castore,Segunda División,87969.0,5622.0,256000.0,1630.0
Kelme,Segunda División,61250.0,322000.0,109000.0,35000.0
Umbro,Segunda División,757923.0,7838.0,862000.0,16500.0
Skita,Liga Portugal,10309.0,,4280.0,
Nike,Liga Portugal,39000000.0,9595385.0,298000000.0,2210000.0
adidas,Liga Portugal,22000000.0,4119589.0,29400000.0,2200000.0
Puma,Liga Portugal,534160.0,1856955.0,13000000.0,904000.0
Kappa,Liga Portugal,1100000.0,24061.0,933000.0,4650.0
Umbro,Liga Portugal,757923.0,7838.0,862000.0,16500.0
Joma,Liga Portugal,534160.0,44760.0,232000.0,8300.0
CDT,Liga Portugal,8941.0,,3253.0,
New Balance,Liga Portugal,9700000.0,311333.0,8700000.0,194000.0
Macron,Liga Portugal,757923.0,165598.0,862000.0,16500.0
Joma,Segunda Liga,534160.0,44760.0,232000.0,8300.0
adidas,Segunda Liga,22000000.0,4119589.0,29400000.0,2200000.0
Kelme,Segunda Liga,61250.0,322000.0,109000.0,35000.0
G Sport,Segunda Liga,7946.0,,35200.0,
Macron,Segunda Liga,757923.0,165598.0,862000.0,16500.0
New Balance,Segunda Liga,9700000.0,311333.0,8700000.0,194000.0
Kappa,Segunda Liga,1100000.0,24061.0,933000.0,4650.0
Lacatoni,Segunda Liga,33163.0,871000.0,8928.0,76000.0
Umbro,Segunda Liga,757923.0,7838.0,862000.0,16500.0
Puma,Segunda Liga,534160.0,1856955.0,13000000.0,904000.0
Nike,Segunda Liga,39000000.0,9595385.0,298000000.0,2210000.0
CDT,Segunda Liga,8941.0,,3253.0,
Nike,Pro League,39000000.0,9595385.0,298000000.0,2210000.0
Joma,Pro League,531000.0,44770.0,231000.0,8300.0
Stanno,Pro League,22506.0,33000.0,8072.0,496000.0
Puma,Pro League,534160.0,1856955.0,13000000.0,904000.0
Kipsta,Pro League,220523.0,3030.0,54400.0,17800.0
Castore,Pro League,87969.0,5622.0,256000.0,1630.0
Mills,Pro League,12982.0,,488000.0,82300.0
Craft,Pro League,44536.0,6468.0,216000.0,61900.0
Erreà,Pro League,329511.0,19137.0,80700.0,1330.0
Olympic Sportswear,Pro League,1515.0,,348000.0,
Macron,Pro League,195000.0,47036.0,184000.0,2470.0
Patrick,Pro League,6356.0,,3127.0,35000.0
adidas,Eredivise,22000000.0,4119589.0,29400000.0,2200000.0
Nike,Eredivise,39000000.0,9595385.0,298000000.0,2210000.0
Robey,Eredivise,8729.0,1877.0,18200.0,48000.0
Castore,Eredivise,87969.0,5622.0,256000.0,1630.0
Stanno,Eredivise,22506.0,33000.0,8072.0,496000.0
Macron,Eredivise,195000.0,47036.0,184000.0,2470.0
Acerbis,Eredivise,10717.0,2346.0,6737.0,4430.0
New Balance,Premjer-Liha,9500000.0,311388.0,8700000.0,194000.0
Bavovna,Premjer-Liha,21705.0,441000.0,9376.0,9670.0
Nike,Premjer-Liha,39000000.0,9595385.0,298000000.0,2210000.0
SKIDAN,Premjer-Liha,,,15300.0,
Kelme,Premjer-Liha,61250.0,322000.0,109000.0,35000.0
Macron,Premjer-Liha,195000.0,47036.0,184000.0,2470.0
Puma,Premjer-Liha,22000000.0,1857326.0,13000000.0,904000.0
Jako,Premjer-Liha,142027.0,,,1030.0
ARTY,Premjer-Liha,,,,
Kappa,Premjer-Liha,1100000.0,3723.0,933000.0,4630.0
Buntar,Premjer-Liha,211000.0,,,
