codice_regione,codice_provincia,codice_uts,provincia,sigla_provincia,tipo_uts,regione,numero_comuni,numero_contribuenti,reddito_complessivo_euro,reddito_medio_provinciale_euro,numero_club,club_presenti,serie_a,serie_b,popolazione_residente_x,popolazione_residente_y,popolazione_residente,pop_15_34,perc_15_34,pop_over65,perc_over65,eta_media,club_per_100k
19,84,84,Agrigento,AG,Libero consorzio di comuni,Sicilia,43,253034,4529374261,17900.26,0,Nessun club di Serie A o Serie B,0,0,407041.0,407041.0,407041,88838.0,21.83,101845.0,25.02,45.91,0.0
1,6,6,Alessandria,AL,Provincia,Piemonte,187,311669,7965967233,25559.06,0,Nessun club di Serie A o Serie B,0,0,408063.0,408063.0,408063,77571.0,19.01,117892.0,28.89,49.01,0.0
11,42,42,Ancona,AN,Provincia,Marche,47,360370,9085788403,25212.39,0,Nessun club di Serie A o Serie B,0,0,461613.0,461613.0,461613,93317.0,20.22,123650.0,26.79,47.59,0.0
2,7,7,Aosta,AO,Provincia,Valle d'Aosta,74,99839,2711316525,27156.89,0,Nessun club di Serie A o Serie B,0,0,,,122554,24729.0,20.18,32198.0,26.27,47.46,0.0
11,44,44,Ascoli Piceno,AP,Provincia,Marche,33,155048,3560268726,22962.36,1,Ascoli Calcio,0,1,200202.0,200202.0,200202,39235.0,19.6,55764.0,27.85,48.17,0.499
13,66,66,L'Aquila,AQ,Provincia,Abruzzo,108,212906,4846467090,22763.41,0,Nessun club di Serie A o Serie B,0,0,,,286765,55337.0,19.3,78508.0,27.38,47.82,0.0
9,51,51,Arezzo,AR,Provincia,Toscana,36,260002,6473499328,24897.88,1,SS Arezzo,0,1,333269.0,333269.0,333269,65748.0,19.73,90588.0,27.18,47.81,0.3
1,5,5,Asti,AT,Provincia,Piemonte,117,157833,3907684910,24758.35,0,Nessun club di Serie A o Serie B,0,0,207059.0,207059.0,207059,40775.0,19.69,57951.0,27.99,48.18,0.0
15,64,64,Avellino,AV,Provincia,Campania,118,268957,5323077414,19791.56,1,US Avellino 1912,0,1,393093.0,393093.0,393093,83148.0,21.15,98223.0,24.99,46.63,0.254
16,72,272,Bari,BA,Città metropolitana,Puglia,41,850680,18486827622,21731.82,0,Nessun club di Serie A o Serie B,0,0,1218073.0,1218073.0,1218073,255521.0,20.98,301510.0,24.75,46.26,0.0
3,16,16,Bergamo,BG,Provincia,Lombardia,243,844716,23052546583,27290.29,1,Atalanta Bergamasca Calcio,1,0,1119233.0,1119233.0,1119233,243445.0,21.75,260863.0,23.31,45.46,0.089
1,96,96,Biella,BI,Provincia,Piemonte,74,134169,3431601503,25576.71,0,Nessun club di Serie A o Serie B,0,0,168223.0,168223.0,168223,31275.0,18.59,51537.0,30.64,50.01,0.0
5,25,25,Belluno,BL,Provincia,Veneto,60,165624,4337196700,26187.01,0,Nessun club di Serie A o Serie B,0,0,197265.0,197265.0,197265,38327.0,19.43,57100.0,28.95,48.86,0.0
15,62,62,Benevento,BN,Provincia,Campania,78,178379,3424977916,19200.57,1,Benevento Calcio,0,1,257968.0,257968.0,257968,54263.0,21.03,66233.0,25.67,46.88,0.388
8,37,237,Bologna,BO,Città metropolitana,Emilia Romagna,55,810592,24263216218,29932.71,1,Bologna FC 1909,1,0,1024290.0,1024290.0,1024290,212011.0,20.7,257924.0,25.18,46.81,0.098
16,74,74,Brindisi,BR,Provincia,Puglia,20,264230,5120770013,19379.97,0,Nessun club di Serie A o Serie B,0,0,373631.0,373631.0,373631,76099.0,20.37,97913.0,26.21,47.15,0.0
3,17,17,Brescia,BS,Provincia,Lombardia,205,951028,25230245185,26529.45,0,Nessun club di Serie A o Serie B,0,0,1271759.0,1271759.0,1271759,273419.0,21.5,299610.0,23.56,45.66,0.0
16,110,110,Barletta-Andria-Trani,BT,Provincia,Puglia,10,245358,4461291590,18182.78,0,Nessun club di Serie A o Serie B,0,0,375933.0,375933.0,375933,84228.0,22.41,85539.0,22.75,45.09,0.0
4,21,21,Bolzano,BZ,Provincia autonoma,Trentino Alto Adige(P.A.Bolzano),116,451748,13193072640,29204.5,1,Fussball Club Sudtirol,0,1,,,542134,122016.0,22.51,116140.0,21.42,43.72,0.184
20,92,292,Cagliari,CA,Città metropolitana,Sardegna,17,293820,7295796354,24830.84,1,Cagliari Calcio,1,0,415866.0,415866.0,415866,75555.0,18.17,111224.0,26.75,48.71,0.24
14,70,70,Campobasso,CB,Provincia,Molise,84,152683,3028651857,19836.21,0,Nessun club di Serie A o Serie B,0,0,207723.0,207723.0,207723,42264.0,20.35,57252.0,27.56,48.05,0.0
15,61,61,Caserta,CE,Provincia,Campania,104,544671,10818989173,19863.35,0,Nessun club di Serie A o Serie B,0,0,909493.0,909493.0,909493,211467.0,23.25,184118.0,20.24,43.4,0.0
13,69,69,Chieti,CH,Provincia,Abruzzo,104,275483,5873514280,21320.79,0,Nessun club di Serie A o Serie B,0,0,369059.0,369059.0,369059,72250.0,19.58,100586.0,27.25,47.78,0.0
19,85,85,Caltanissetta,CL,Libero consorzio di comuni,Sicilia,22,153029,2869832261,18753.52,0,Nessun club di Serie A o Serie B,0,0,243501.0,243501.0,243501,54319.0,22.31,59955.0,24.62,45.71,0.0
1,4,4,Cuneo,CN,Provincia,Piemonte,247,452802,11565723724,25542.56,0,Nessun club di Serie A o Serie B,0,0,582109.0,582109.0,582109,121732.0,20.91,149598.0,25.7,46.53,0.0
3,13,13,Como,CO,Provincia,Lombardia,147,442014,11898612816,26919.09,1,Como 1907,1,0,598562.0,598562.0,598562,122902.0,20.53,148963.0,24.89,46.66,0.167
3,19,19,Cremona,CR,Provincia,Lombardia,113,271603,7269159620,26763.92,1,Unione sportiva Cremonese,0,1,355134.0,355134.0,355134,72593.0,20.44,91539.0,25.78,46.92,0.282
18,78,78,Cosenza,CS,Provincia,Calabria,150,439076,7905932542,18005.84,0,Nessun club di Serie A o Serie B,0,0,667134.0,667134.0,667134,137267.0,20.58,169374.0,25.39,46.46,0.0
19,87,287,Catania,CT,Città metropolitana,Sicilia,58,629451,12934175875,20548.34,0,Nessun club di Serie A o Serie B,0,0,1067550.0,1067550.0,1067550,232733.0,21.8,245604.0,23.01,44.6,0.0
18,79,79,Catanzaro,CZ,Provincia,Calabria,80,221990,4326508797,19489.66,1,US Catanzaro1929,0,1,338160.0,338160.0,338160,69362.0,20.51,87060.0,25.75,46.47,0.296
19,86,86,Enna,EN,Libero consorzio di comuni,Sicilia,20,98898,1809324335,18294.85,0,Nessun club di Serie A o Serie B,0,0,151525.0,151525.0,151525,32832.0,21.67,39987.0,26.39,46.8,0.0
8,40,40,Forli'-Cesena,FC,Provincia,Emilia Romagna,30,316685,7945011536,25088.06,1,Cesena FC,0,1,,,394337,79819.0,20.24,101905.0,25.84,47.08,0.254
8,38,38,Ferrara,FE,Provincia,Emilia Romagna,21,273864,6808242393,24859.94,0,Nessun club di Serie A o Serie B,0,0,340482.0,340482.0,340482,62708.0,18.42,100072.0,29.39,49.35,0.0
16,71,71,Foggia,FG,Provincia,Puglia,61,394328,7199819759,18258.45,0,Nessun club di Serie A o Serie B,0,0,587785.0,587785.0,587785,131505.0,22.37,142672.0,24.27,45.63,0.0
9,48,248,Firenze,FI,Città metropolitana,Toscana,41,769165,21331734069,27733.63,1,Empoli FC,0,1,988494.0,988494.0,988494,199471.0,20.18,263219.0,26.63,47.61,0.101
11,109,109,Fermo,FM,Provincia,Marche,40,128170,2817760083,21984.55,0,Nessun club di Serie A o Serie B,0,0,166772.0,166772.0,166772,32965.0,19.77,46254.0,27.73,47.97,0.0
12,60,60,Frosinone,FR,Provincia,Lazio,91,316439,6749267125,21328.81,1,Frosinone Calcio,1,0,460266.0,460266.0,460266,90838.0,19.74,121969.0,26.5,47.23,0.217
7,10,210,Genova,GE,Provincia,Liguria,67,669269,18179502929,27163.22,3,Genoa Cricket and Football Club | UC Sampdoria | Virtus Entella,1,2,820691.0,820691.0,820691,159310.0,19.41,241773.0,29.46,49.14,0.366
6,31,31,Gorizia,GO,Unità non amministrativa,Friuli Venezia Giulia,25,112385,2775984049,24700.66,0,Nessun club di Serie A o Serie B,0,0,138717.0,138717.0,138717,27338.0,19.71,38018.0,27.41,48.16,0.0
9,53,53,Grosseto,GR,Provincia,Toscana,28,169055,3905798550,23103.72,0,Nessun club di Serie A o Serie B,0,0,214863.0,214863.0,214863,39620.0,18.44,63655.0,29.63,49.41,0.0
7,8,8,Imperia,IM,Provincia,Liguria,66,156339,3462163303,22145.23,0,Nessun club di Serie A o Serie B,0,0,209848.0,209848.0,209848,40403.0,19.25,60692.0,28.92,48.8,0.0
14,94,94,Isernia,IS,Provincia,Molise,52,59135,1184267162,20026.5,0,Nessun club di Serie A o Serie B,0,0,78217.0,78217.0,78217,15233.0,19.48,22284.0,28.49,48.4,0.0
18,101,101,Crotone,KR,Provincia,Calabria,27,95983,1677888240,17481.1,0,Nessun club di Serie A o Serie B,0,0,161765.0,161765.0,161765,36383.0,22.49,37815.0,23.38,44.61,0.0
3,97,97,Lecco,LC,Provincia,Lombardia,84,259126,7574881355,29232.42,0,Nessun club di Serie A o Serie B,0,0,334211.0,334211.0,334211,69404.0,20.77,87071.0,26.05,46.99,0.0
16,75,75,Lecce,LE,Provincia,Puglia,96,538388,10305717057,19141.8,1,US Lecce,1,0,761927.0,761927.0,761927,153024.0,20.08,205789.0,27.01,47.6,0.131
9,49,49,Livorno,LI,Provincia,Toscana,19,250865,6325802518,25215.96,0,Nessun club di Serie A o Serie B,0,0,324893.0,324893.0,324893,60558.0,18.64,93157.0,28.67,49.01,0.0
3,98,98,Lodi,LO,Provincia,Lombardia,60,172929,4708391442,27227.31,0,Nessun club di Serie A o Serie B,0,0,231481.0,231481.0,231481,48775.0,21.07,54078.0,23.36,45.62,0.0
12,59,59,Latina,LT,Provincia,Lazio,33,399679,8494674865,21253.74,0,Nessun club di Serie A o Serie B,0,0,567130.0,567130.0,567130,117728.0,20.76,134330.0,23.69,45.89,0.0
9,46,46,Lucca,LU,Provincia,Toscana,33,290944,7401937228,25441.11,0,Nessun club di Serie A o Serie B,0,0,379957.0,379957.0,379957,72438.0,19.06,105140.0,27.67,48.5,0.0
3,108,108,Monza e della Brianza,MB,Provincia,Lombardia,55,668983,19953513239,29826.64,1,AC Monza,1,0,883396.0,883396.0,883396,183082.0,20.72,213778.0,24.2,46.15,0.113
11,43,43,Macerata,MC,Provincia,Marche,55,233887,5526923029,23630.74,0,Nessun club di Serie A o Serie B,0,0,301689.0,301689.0,301689,60166.0,19.94,82142.0,27.23,47.57,0.0
19,83,283,Messina,ME,Città metropolitana,Sicilia,108,395083,8140327238,20604.09,0,Nessun club di Serie A o Serie B,0,0,594074.0,594074.0,594074,121360.0,20.43,155437.0,26.16,46.98,0.0
3,15,215,Milano,MI,Città metropolitana,Lombardia,133,2486066,84037688556,33803.48,2,AC Milan | Football Club Internazionale Milano (Inter),2,0,3253111.0,3253111.0,3253111,699944.0,21.52,764375.0,23.5,45.86,0.061
3,20,20,Mantova,MN,Provincia,Lombardia,64,310770,8010894741,25777.57,1,Mantova 1911,0,1,408715.0,408715.0,408715,83041.0,20.32,102057.0,24.97,46.61,0.245
8,36,36,Modena,MO,Provincia,Emilia Romagna,47,552276,15579748296,28210.08,1,Modena FC 1912,0,1,711502.0,711502.0,711502,151134.0,21.24,172244.0,24.21,46.01,0.141
9,45,45,Massa Carrara,MS,Provincia,Toscana,17,141064,3394619760,24064.39,1,Carrarese Calcio 1908,0,1,,,186637,34349.0,18.4,55042.0,29.49,49.5,0.536
17,77,77,Matera,MT,Provincia,Basilicata,31,134063,2661070540,19849.4,0,Nessun club di Serie A o Serie B,0,0,187754.0,187754.0,187754,39800.0,21.2,48646.0,25.91,46.77,0.0
15,63,263,Napoli,NA,Città metropolitana,Campania,1,5305,59441143,11204.74,2,SS Juve Stabia | SS Napoli,1,1,2954847.0,2954847.0,2954847,694594.0,23.51,620253.0,20.99,43.57,0.068
1,3,3,Novara,NO,Provincia,Piemonte,87,277369,7597392608,27390.92,0,Nessun club di Serie A o Serie B,0,0,365930.0,365930.0,365930,74648.0,20.4,93592.0,25.58,46.92,0.0
20,91,91,Nuoro,NU,Provincia,Sardegna,74,142329,2739271015,19246.05,0,Nessun club di Serie A o Serie B,0,0,194081.0,194081.0,194081,37586.0,19.37,55581.0,28.64,48.78,0.0
20,95,95,Oristano,OR,Provincia,Sardegna,87,105930,2074755236,19586.1,0,Nessun club di Serie A o Serie B,0,0,146785.0,146785.0,146785,25593.0,17.44,45059.0,30.7,50.38,0.0
19,82,282,Palermo,PA,Città metropolitana,Sicilia,82,706163,15049657896,21311.88,1,Palermo FC,0,1,1195307.0,1195307.0,1195307,257271.0,21.52,284260.0,23.78,45.08,0.084
8,33,33,Piacenza,PC,Provincia,Emilia Romagna,46,224896,6176607509,27464.28,0,Nessun club di Serie A o Serie B,0,0,287745.0,287745.0,287745,59139.0,20.55,73896.0,25.68,46.85,0.0
5,28,28,Padova,PD,Provincia,Veneto,101,718615,19685751596,27394.02,1,Calcio Padova,0,1,934540.0,934540.0,934540,192391.0,20.59,234399.0,25.08,46.88,0.107
13,68,68,Pescara,PE,Provincia,Abruzzo,46,227047,5179024816,22810.36,0,Nessun club di Serie A o Serie B,0,0,311563.0,311563.0,311563,62576.0,20.08,79943.0,25.66,46.99,0.0
10,54,54,Perugia,PG,Provincia,Umbria,59,483059,11723592562,24269.48,0,Nessun club di Serie A o Serie B,0,0,635988.0,635988.0,635988,126058.0,19.82,173087.0,27.22,47.73,0.0
9,50,50,Pisa,PI,Provincia,Toscana,37,315778,8250110888,26126.3,1,Pisa SC 1909,0,1,419588.0,419588.0,419588,84277.0,20.09,108591.0,25.88,47.11,0.238
6,93,93,Pordenone,PN,Unità non amministrativa,Friuli Venezia Giulia,50,245146,6442450485,26280.06,0,Nessun club di Serie A o Serie B,0,0,311114.0,311114.0,311114,63375.0,20.37,80361.0,25.83,47.0,0.0
9,100,100,Prato,PO,Provincia,Toscana,7,204830,4931613259,24076.62,0,Nessun club di Serie A o Serie B,0,0,261152.0,261152.0,261152,54822.0,20.99,61074.0,23.39,46.07,0.0
8,34,34,Parma,PR,Provincia,Emilia Romagna,44,352432,10257187625,29104.02,1,Parma Calcio 1913,1,0,457509.0,457509.0,457509,96508.0,21.09,109060.0,23.84,45.94,0.219
9,47,47,Pistoia,PT,Provincia,Toscana,20,218768,5201825050,23777.82,0,Nessun club di Serie A o Serie B,0,0,290867.0,290867.0,290867,56738.0,19.51,78622.0,27.03,47.86,0.0
11,41,41,Pesaro e Urbino,PU,Provincia,Marche,50,274180,6614509323,24124.7,0,Nessun club di Serie A o Serie B,0,0,349556.0,349556.0,349556,70366.0,20.13,91293.0,26.12,47.33,0.0
3,18,18,Pavia,PV,Provincia,Lombardia,185,411173,10926719711,26574.51,0,Nessun club di Serie A o Serie B,0,0,546023.0,546023.0,546023,110396.0,20.22,139060.0,25.47,47.05,0.0
17,76,76,Potenza,PZ,Provincia,Basilicata,100,241257,4874313195,20203.82,0,Nessun club di Serie A o Serie B,0,0,337527.0,337527.0,337527,68306.0,20.24,90958.0,26.95,47.79,0.0
8,39,39,Ravenna,RA,Provincia,Emilia Romagna,18,313000,8074765189,25797.97,0,Nessun club di Serie A o Serie B,0,0,387743.0,387743.0,387743,76980.0,19.85,103134.0,26.6,47.74,0.0
18,80,280,Reggio di Calabria,RC,Città metropolitana,Calabria,97,328810,6230067529,18947.32,0,Nessun club di Serie A o Serie B,0,0,510590.0,510590.0,510590,108716.0,21.29,125375.0,24.55,45.55,0.0
8,35,35,Reggio nell'Emilia,RE,Provincia,Emilia Romagna,42,406017,11250232204,27708.77,1,US Sassuolo Calcio,1,0,,,532157,114490.0,21.51,123763.0,23.26,45.54,0.188
19,88,88,Ragusa,RG,Libero consorzio di comuni,Sicilia,12,213414,3792295793,17769.67,0,Nessun club di Serie A o Serie B,0,0,323144.0,323144.0,323144,73620.0,22.78,71581.0,22.15,44.17,0.0
12,57,57,Rieti,RI,Provincia,Lazio,73,108438,2458342653,22670.49,0,Nessun club di Serie A o Serie B,0,0,149335.0,149335.0,149335,29351.0,19.65,41743.0,27.95,48.42,0.0
12,58,258,Roma,RM,Città metropolitana,Lazio,121,3001253,86281665718,28748.55,2,AS Roma | SS Lazio,2,0,4224901.0,4224901.0,4224901,853566.0,20.2,1005326.0,23.8,46.35,0.047
8,99,99,Rimini,RN,Provincia,Emilia Romagna,27,273731,6309228452,23049.01,0,Nessun club di Serie A o Serie B,0,0,341244.0,341244.0,341244,68694.0,20.13,86332.0,25.3,47.1,0.0
5,29,29,Rovigo,RO,Provincia,Veneto,50,182460,4278574034,23449.38,0,Nessun club di Serie A o Serie B,0,0,227183.0,227183.0,227183,41099.0,18.09,65881.0,29.0,49.2,0.0
15,65,65,Salerno,SA,Provincia,Campania,158,696824,13862798057,19894.26,0,Nessun club di Serie A o Serie B,0,0,1053302.0,1053302.0,1053302,226098.0,21.47,250582.0,23.79,45.54,0.0
9,52,52,Siena,SI,Provincia,Toscana,35,205134,5379265240,26223.18,1,AFC Fiorentina,1,0,259502.0,259502.0,259502,51732.0,19.94,71135.0,27.41,47.9,0.385
3,14,14,Sondrio,SO,Provincia,Lombardia,77,139928,3426546529,24487.93,0,Nessun club di Serie A o Serie B,0,0,179268.0,179268.0,179268,36651.0,20.44,47047.0,26.24,47.07,0.0
7,11,11,La Spezia,SP,Provincia,Liguria,32,166168,4363094924,26257.13,0,Nessun club di Serie A o Serie B,0,0,214539.0,214539.0,214539,40497.0,18.88,60819.0,28.35,48.83,0.0
19,89,89,Siracusa,SR,Libero consorzio di comuni,Sicilia,21,240155,4850950506,20199.25,0,Nessun club di Serie A o Serie B,0,0,382450.0,382450.0,382450,80622.0,21.08,92553.0,24.2,45.73,0.0
20,90,90,Sassari,SS,Provincia,Sardegna,92,341541,7279615631,21314.03,0,Nessun club di Serie A o Serie B,0,0,470588.0,470588.0,470588,88577.0,18.82,125520.0,26.67,48.32,0.0
20,111,111,Sud Sardegna,SU,Provincia,Sardegna,107,229681,4355710509,18964.17,0,Nessun club di Serie A o Serie B,0,0,327170.0,327170.0,327170,56458.0,17.26,99213.0,30.32,50.13,0.0
7,9,9,Savona,SV,Provincia,Liguria,69,211345,5328207430,25210.95,0,Nessun club di Serie A o Serie B,0,0,266910.0,266910.0,266910,49582.0,18.58,81166.0,30.41,49.99,0.0
16,73,73,Taranto,TA,Provincia,Puglia,29,375421,7622676020,20304.34,0,Nessun club di Serie A o Serie B,0,0,547928.0,547928.0,547928,112464.0,20.53,143563.0,26.2,46.97,0.0
13,67,67,Teramo,TE,Provincia,Abruzzo,47,226199,4802885375,21233.01,0,Nessun club di Serie A o Serie B,0,0,299835.0,299835.0,299835,60082.0,20.04,77234.0,25.76,47.1,0.0
4,22,22,Trento,TN,Provincia autonoma,Trentino Alto Adige(P.A.Trento),166,447073,11953838068,26738.0,0,Nessun club di Serie A o Serie B,0,0,548684.0,548684.0,548684,119732.0,21.82,134676.0,24.55,45.76,0.0
1,1,201,Torino,TO,Città metropolitana,Piemonte,312,1671705,46060009160,27552.71,2,Juventus FC | Torino FC,2,0,2204779.0,2204779.0,2204779,447571.0,20.3,593342.0,26.91,47.63,0.091
19,81,81,Trapani,TP,Libero consorzio di comuni,Sicilia,25,266390,5011702506,18813.4,0,Nessun club di Serie A o Serie B,0,0,410602.0,410602.0,410602,88074.0,21.45,104482.0,25.45,46.27,0.0
10,55,55,Terni,TR,Provincia,Umbria,33,160468,3811510394,23752.46,0,Nessun club di Serie A o Serie B,0,0,214639.0,214639.0,214639,40350.0,18.8,63119.0,29.41,49.22,0.0
6,32,32,Trieste,TS,Unità non amministrativa,Friuli Venezia Giulia,6,185153,5134589530,27731.6,0,Nessun club di Serie A o Serie B,0,0,227840.0,227840.0,227840,44398.0,19.49,66371.0,29.13,49.03,0.0
5,26,26,Treviso,TV,Provincia,Veneto,94,679509,18074037955,26598.67,0,Nessun club di Serie A o Serie B,0,0,878341.0,878341.0,878341,184650.0,21.02,217864.0,24.8,46.42,0.0
6,30,30,Udine,UD,Unità non amministrativa,Friuli Venezia Giulia,134,417611,10854383212,25991.61,1,Udinese Calcio,1,0,515825.0,515825.0,515825,97251.0,18.85,147702.0,28.63,48.9,0.194
3,12,12,Varese,VA,Provincia,Lombardia,136,648909,17719758843,27307.0,0,Nessun club di Serie A o Serie B,0,0,884801.0,884801.0,884801,179970.0,20.34,224445.0,25.37,46.79,0.0
1,103,103,Verbano-Cusio-Ossola,VB,Provincia,Piemonte,74,117127,2764199651,23600.02,0,Nessun club di Serie A o Serie B,0,0,152677.0,152677.0,152677,28928.0,18.95,44556.0,29.18,49.38,0.0
1,2,2,Vercelli,VC,Provincia,Piemonte,82,128842,3274499882,25414.85,0,Nessun club di Serie A o Serie B,0,0,166166.0,166166.0,166166,32180.0,19.37,47323.0,28.48,48.51,0.0
5,27,227,Venezia,VE,Città metropolitana,Veneto,44,658196,17167362525,26082.45,1,Venezia FC,1,0,834077.0,834077.0,834077,164964.0,19.78,224615.0,26.93,47.94,0.12
5,24,24,Vicenza,VI,Provincia,Veneto,113,664145,17743983508,26717.03,1,L.R. Vicenza,0,1,855212.0,855212.0,855212,182877.0,21.38,208523.0,24.38,46.25,0.117
5,23,23,Verona,VR,Provincia,Veneto,98,731692,19087702412,26087.07,1,Hellas Verona FC,0,1,930842.0,930842.0,930842,195801.0,21.03,222874.0,23.94,45.95,0.107
12,56,56,Viterbo,VT,Provincia,Lazio,60,223376,4917676379,22015.24,0,Nessun club di Serie A o Serie B,0,0,307812.0,307812.0,307812,59278.0,19.26,82211.0,26.71,47.83,0.0
18,102,102,Vibo Valentia,VV,Provincia,Calabria,50,99473,1757858678,17671.72,0,Nessun club di Serie A o Serie B,0,0,149922.0,149922.0,149922,33224.0,22.16,37479.0,25.0,45.85,0.0
