Sigla Provincia,regione,numero_comuni,numero_contribuenti,reddito_complessivo_euro,reddito_medio_provinciale_euro
0,Mancante/errata,1,5305,59441143,11204.74
AG,Sicilia,43,253034,4529374261,17900.26
AL,Piemonte,187,311669,7965967233,25559.06
AN,Marche,47,360370,9085788403,25212.39
AO,Valle d'Aosta,74,99839,2711316525,27156.89
AP,Marche,33,155048,3560268726,22962.36
AQ,Abruzzo,108,212906,4846467090,22763.41
AR,Toscana,36,260002,6473499328,24897.88
AT,Piemonte,117,157833,3907684910,24758.35
AV,Campania,118,268957,5323077414,19791.56
BA,Puglia,41,850680,18486827622,21731.82
BG,Lombardia,243,844716,23052546583,27290.29
BI,Piemonte,74,134169,3431601503,25576.71
BL,Veneto,60,165624,4337196700,26187.01
BN,Campania,78,178379,3424977916,19200.57
BO,Emilia Romagna,55,810592,24263216218,29932.71
BR,Puglia,20,264230,5120770013,19379.97
BS,Lombardia,205,951028,25230245185,26529.45
BT,Puglia,10,245358,4461291590,18182.78
BZ,Trentino Alto Adige(P.A.Bolzano),116,451748,13193072640,29204.5
CA,Sardegna,17,293820,7295796354,24830.84
CB,Molise,84,152683,3028651857,19836.21
CE,Campania,104,544671,10818989173,19863.35
CH,Abruzzo,104,275483,5873514280,21320.79
CL,Sicilia,22,153029,2869832261,18753.52
CN,Piemonte,247,452802,11565723724,25542.56
CO,Lombardia,147,442014,11898612816,26919.09
CR,Lombardia,113,271603,7269159620,26763.92
CS,Calabria,150,439076,7905932542,18005.84
CT,Sicilia,58,629451,12934175875,20548.34
CZ,Calabria,80,221990,4326508797,19489.66
EN,Sicilia,20,98898,1809324335,18294.85
FC,Emilia Romagna,30,316685,7945011536,25088.06
FE,Emilia Romagna,21,273864,6808242393,24859.94
FG,Puglia,61,394328,7199819759,18258.45
FI,Toscana,41,769165,21331734069,27733.63
FM,Marche,40,128170,2817760083,21984.55
FR,Lazio,91,316439,6749267125,21328.81
GE,Liguria,67,669269,18179502929,27163.22
GO,Friuli Venezia Giulia,25,112385,2775984049,24700.66
GR,Toscana,28,169055,3905798550,23103.72
IM,Liguria,66,156339,3462163303,22145.23
IS,Molise,52,59135,1184267162,20026.5
KR,Calabria,27,95983,1677888240,17481.1
LC,Lombardia,84,259126,7574881355,29232.42
LE,Puglia,96,538388,10305717057,19141.8
LI,Toscana,19,250865,6325802518,25215.96
LO,Lombardia,60,172929,4708391442,27227.31
LT,Lazio,33,399679,8494674865,21253.74
LU,Toscana,33,290944,7401937228,25441.11
MB,Lombardia,55,668983,19953513239,29826.64
MC,Marche,55,233887,5526923029,23630.74
ME,Sicilia,108,395083,8140327238,20604.09
MI,Lombardia,133,2486066,84037688556,33803.48
MN,Lombardia,64,310770,8010894741,25777.57
MO,Emilia Romagna,47,552276,15579748296,28210.08
MS,Toscana,17,141064,3394619760,24064.39
MT,Basilicata,31,134063,2661070540,19849.4
NO,Piemonte,87,277369,7597392608,27390.92
NU,Sardegna,74,142329,2739271015,19246.05
OR,Sardegna,87,105930,2074755236,19586.1
PA,Sicilia,82,706163,15049657896,21311.88
PC,Emilia Romagna,46,224896,6176607509,27464.28
PD,Veneto,101,718615,19685751596,27394.02
PE,Abruzzo,46,227047,5179024816,22810.36
PG,Umbria,59,483059,11723592562,24269.48
PI,Toscana,37,315778,8250110888,26126.3
PN,Friuli Venezia Giulia,50,245146,6442450485,26280.06
PO,Toscana,7,204830,4931613259,24076.62
PR,Emilia Romagna,44,352432,10257187625,29104.02
PT,Toscana,20,218768,5201825050,23777.82
PU,Marche,50,274180,6614509323,24124.7
PV,Lombardia,185,411173,10926719711,26574.51
PZ,Basilicata,100,241257,4874313195,20203.82
RA,Emilia Romagna,18,313000,8074765189,25797.97
RC,Calabria,97,328810,6230067529,18947.32
RE,Emilia Romagna,42,406017,11250232204,27708.77
RG,Sicilia,12,213414,3792295793,17769.67
RI,Lazio,73,108438,2458342653,22670.49
RM,Lazio,121,3001253,86281665718,28748.55
RN,Emilia Romagna,27,273731,6309228452,23049.01
RO,Veneto,50,182460,4278574034,23449.38
SA,Campania,158,696824,13862798057,19894.26
SI,Toscana,35,205134,5379265240,26223.18
SO,Lombardia,77,139928,3426546529,24487.93
SP,Liguria,32,166168,4363094924,26257.13
SR,Sicilia,21,240155,4850950506,20199.25
SS,Sardegna,92,341541,7279615631,21314.03
SU,Sardegna,107,229681,4355710509,18964.17
SV,Liguria,69,211345,5328207430,25210.95
TA,Puglia,29,375421,7622676020,20304.34
TE,Abruzzo,47,226199,4802885375,21233.01
TN,Trentino Alto Adige(P.A.Trento),166,447073,11953838068,26738.0
TO,Piemonte,312,1671705,46060009160,27552.71
TP,Sicilia,25,266390,5011702506,18813.4
TR,Umbria,33,160468,3811510394,23752.46
TS,Friuli Venezia Giulia,6,185153,5134589530,27731.6
TV,Veneto,94,679509,18074037955,26598.67
UD,Friuli Venezia Giulia,134,417611,10854383212,25991.61
VA,Lombardia,136,648909,17719758843,27307.0
VB,Piemonte,74,117127,2764199651,23600.02
VC,Piemonte,82,128842,3274499882,25414.85
VE,Veneto,44,658196,17167362525,26082.45
VI,Veneto,113,664145,17743983508,26717.03
VR,Veneto,98,731692,19087702412,26087.07
VT,Lazio,60,223376,4917676379,22015.24
VV,Calabria,50,99473,1757858678,17671.72
